,firsts,lasts,lifespans,mentions
ܐܐܘܠܝܣ,950.0,950.0,0.0,1
ܐܐܘܪܛܘܣ,950.0,950.0,0.0,1
ܐܐܛܘܣ,950.0,950.0,0.0,1
ܐܐܛܝܘܣ,500.0,950.0,450.0,4
ܐܐܛܝܢܐ,350.0,350.0,0.0,2
ܐܐܝ,400.0,1375.0,975.0,27
ܐܐܝܘܣ,950.0,975.0,25.0,4
ܐܐܝܙܘܐܘܢ,950.0,1250.0,300.0,5
ܐܐܝܪ,325.0,950.0,625.0,5
ܐܐܝܪܐ,950.0,950.0,0.0,2
ܐܐܣ,450.0,675.0,225.0,4
ܐܐܪ,125.0,1994.0,1869.0,2319
ܐܐܪܐ,500.0,850.0,350.0,5
ܐܐܪܘܢ,950.0,950.0,0.0,2
ܐܐܪܛܘܣ,950.0,950.0,0.0,1
ܐܐܪܝܐ,350.0,1500.0,1150.0,45
ܐܒܐܠܛܪܘܣ,950.0,950.0,0.0,1
ܐܒܕܘܡܕܐ,950.0,950.0,0.0,1
ܐܒܘܠܘܢ,950.0,950.0,0.0,1
ܐܒܘܠܘܣ,675.0,950.0,275.0,2
ܐܒܘܪܕ,775.0,775.0,0.0,1
ܐܒܛܘܣ,500.0,500.0,0.0,1
ܐܒܝܣܛܛܐ,950.0,950.0,0.0,1
ܐܒܠܝܐ,950.0,950.0,0.0,3
ܐܒܢܘܣ,950.0,950.0,0.0,1
ܐܒܪܘܙܘܢ,950.0,950.0,0.0,2
ܐܒܪܘܛܘܢܘܢ,950.0,1250.0,300.0,4
ܐܒܪܘܣܝܘܣ,1222.0,1222.0,0.0,1
ܐܒܪܙܘܢ,1222.0,1222.0,0.0,1
ܐܓܐܐ,500.0,950.0,450.0,3
ܐܓܐܠܠܝܐܣܐܘܡܗ,950.0,950.0,0.0,1
ܐܓܐܦܝ,675.0,675.0,0.0,6
ܐܓܐܪܝܐ,950.0,950.0,0.0,2
ܐܓܐܪܝܩܘܢ,950.0,950.0,0.0,1
ܐܓܓܗܠܘܣ,950.0,950.0,0.0,1
ܐܓܘܓ,350.0,1234.0,884.0,54
ܐܓܘܓܐ,350.0,1500.0,1150.0,30
ܐܓܘܢ,350.0,1994.0,1644.0,594
ܐܓܘܢܐ,350.0,1994.0,1644.0,2314
ܐܓܘܢܝܣܐ,675.0,950.0,275.0,4
ܐܓܘܢܝܣܛܐ,500.0,2007.0,1507.0,35
ܐܓܘܪ,350.0,1245.0,895.0,29
ܐܓܘܪܐ,500.0,1994.0,1494.0,10
ܐܓܘܪܣܐ,325.0,1250.0,925.0,137
ܐܓܛܘܣ,950.0,950.0,0.0,1
ܐܓܝܐ,575.0,1800.0,1225.0,7
ܐܓܝܘܛܛܘܣ,950.0,950.0,0.0,1
ܐܓܝܘܢ,675.0,675.0,0.0,1
ܐܓܝܘܢܘܛܝܣ,950.0,950.0,0.0,1
ܐܓܝܘܣ,450.0,1500.0,1050.0,12
ܐܓܝܘܦܢܘܡܐ,1500.0,1500.0,0.0,1
ܐܓܝܦܛܘܣ,560.0,846.0,286.0,30
ܐܓܝܦܛܝܐ,500.0,775.0,275.0,6
ܐܓܠܘܟܘܢ,950.0,950.0,0.0,1
ܐܓܠܘܣ,950.0,950.0,0.0,1
ܐܓܠܘܦܘܛܝܣ,950.0,950.0,0.0,1
ܐܓܡܘܢܐ,1150.0,1150.0,0.0,4
ܐܓܡܡܢܘܢ,500.0,850.0,350.0,3
ܐܓܡܢܘܬܐ,1150.0,1150.0,0.0,2
ܐܓܢܘܣ,950.0,950.0,0.0,1
ܐܓܢܛܘܢ,950.0,950.0,0.0,1
ܐܓܦܐ,675.0,950.0,275.0,6
ܐܓܪܘܣܛܝܣ,950.0,950.0,0.0,1
ܐܓܪܘܦܘܣ,550.0,846.0,296.0,6
ܐܓܪܝܘܣ,950.0,950.0,0.0,4
ܐܓܬܘܣ,950.0,950.0,0.0,1
ܐܕܗܢܣ,950.0,950.0,0.0,1
ܐܕܘܢܐܘܣ,650.0,650.0,0.0,1
ܐܕܘܣܘܣ,375.0,375.0,0.0,1
ܐܕܝܐ,701.0,1957.0,1256.0,9
ܐܕܝܐܢܛܘܢ,1250.0,1250.0,0.0,2
ܐܕܝܘܢ,950.0,950.0,0.0,1
ܐܕܝܠܘܢ,950.0,950.0,0.0,1
ܐܕܝܢ,450.0,1300.0,850.0,23
ܐܕܝܣ,675.0,950.0,275.0,4
ܐܕܝܩܘܢ,950.0,950.0,0.0,1
ܐܕܝܩܘܣ,950.0,950.0,0.0,1
ܐܕܝܩܝܐ,950.0,950.0,0.0,1
ܐܕܡܢܛܝܢܘܣ,625.0,625.0,0.0,2
ܐܕܪܘܐܓܝܘܢ,950.0,950.0,0.0,1
ܐܕܪܘܛܘܣ,950.0,950.0,0.0,1
ܐܕܪܘܡܝܠܘܢ,950.0,950.0,0.0,1
ܐܕܪܝܐܢܘܣ,675.0,1150.0,475.0,5
ܐܕܪܝܐܣ,950.0,950.0,0.0,1
ܐܕܪܝܘܢ,950.0,950.0,0.0,2
ܐܕܪܝܘܣ,950.0,1250.0,300.0,8
ܐܕܪܝܢܘܣ,525.0,1693.0,1168.0,28
ܐܕܪܝܢܛܐ,550.0,1907.0,1357.0,59
ܐܕܪܡܘܣ,950.0,950.0,0.0,1
ܐܕܪܩܝ,950.0,950.0,0.0,1
ܐܕܫܐ,350.0,2007.0,1657.0,1361
ܐܗܐ,400.0,1957.0,1557.0,118
ܐܗܕܘܢ,450.0,950.0,500.0,5
ܐܘܐ,675.0,675.0,0.0,1
ܐܘܐܓܪܝܣ,525.0,825.0,300.0,5
ܐܘܐܘܝܘ,950.0,950.0,0.0,1
ܐܘܐܘܢ,950.0,950.0,0.0,2
ܐܘܐܘܣܩܘܐܡܘܣ,950.0,950.0,0.0,1
ܐܘܐܝܘܟܝ,950.0,950.0,0.0,1
ܐܘܐܝܘܡܝ,950.0,950.0,0.0,1
ܐܘܐܝܘܣ,950.0,950.0,0.0,2
ܐܘܐܝܩܘܢ,950.0,950.0,0.0,1
ܐܘܐܝܩܛܗܐܝܪܡܘܣ,950.0,950.0,0.0,1
ܐܘܐܝܩܝܘܡܗܢܝ,950.0,950.0,0.0,1
ܐܘܐܣܝܣ,350.0,350.0,0.0,1
ܐܘܐܩܝܢܬܘܣ,950.0,950.0,0.0,2
ܐܘܒܐ,500.0,500.0,0.0,2
ܐܘܒܘܐܐ,724.0,724.0,0.0,1
ܐܘܒܘܠܘܢ,950.0,950.0,0.0,2
ܐܘܒܠܘ,325.0,1907.0,1582.0,290
ܐܘܓܝܢ,500.0,2006.0,1506.0,374
ܐܘܓܢܝܐ,500.0,950.0,450.0,108
ܐܘܓܪܘܩܘܠܠܘܪܝܐ,950.0,950.0,0.0,1
ܐܘܓܪܝܣ,430.0,2006.0,1576.0,308
ܐܘܕܐܣܝܣ,950.0,950.0,0.0,1
ܐܘܕܗܛܗܪܐ,950.0,950.0,0.0,1
ܐܘܕܘܝܛܝܐ,950.0,950.0,0.0,1
ܐܘܕܘܣ,519.0,1234.0,715.0,22
ܐܘܕܘܪ,575.0,1234.0,659.0,13
ܐܘܕܝܘܢ,675.0,950.0,275.0,2
ܐܘܕܝܘܣ,950.0,1150.0,200.0,3
ܐܘܕܝܡܐ,950.0,950.0,0.0,3
ܐܘܕܝܢܗܣ,950.0,950.0,0.0,1
ܐܘܕܝܣ,775.0,1994.0,1219.0,4
ܐܘܕܝܦܘܣ,950.0,950.0,0.0,1
ܐܘܕܢܐ,575.0,1250.0,675.0,14
ܐܘܕܣ,550.0,1234.0,684.0,22
ܐܘܕܪܐ,846.0,950.0,104.0,2
ܐܘܕܪܘܓܐܪܘܢ,950.0,950.0,0.0,1
ܐܘܕܪܘܡܗܠܘܢ,950.0,950.0,0.0,1
ܐܘܕܪܘܦܝܩܝܪܝ,950.0,950.0,0.0,1
ܐܘܕܪܝܠܘܢ,950.0,950.0,0.0,1
ܐܘܕܪܝܢܘܣ,525.0,525.0,0.0,2
ܐܘܗ,350.0,1907.0,1557.0,42
ܐܘܘܢ,350.0,1250.0,900.0,226
ܐܘܙܠܝܣ,775.0,775.0,0.0,2
ܐܘܙܡܢ,2006.0,2006.0,0.0,3
ܐܘܛܘܒܪܘܕܝܘܣ,950.0,950.0,0.0,1
ܐܘܛܘܟ,500.0,1250.0,750.0,61
ܐܘܛܘܟܘܣ,675.0,1150.0,475.0,4
ܐܘܛܘܠܡܘܣ,675.0,675.0,0.0,1
ܐܘܛܘܡܐܛܘܢ,375.0,1250.0,875.0,7
ܐܘܛܘܡܘܠܘܓܝܐ,950.0,950.0,0.0,2
ܐܘܛܘܣܝܣ,950.0,950.0,0.0,1
ܐܘܛܘܦܗܟܕܝܘܣ,950.0,950.0,0.0,1
ܐܘܛܘܦܣܛܝܢܐ,950.0,950.0,0.0,1
ܐܘܛܘܩܦܠܘܣ,775.0,775.0,0.0,1
ܐܘܛܝܣ,675.0,950.0,275.0,2
ܐܘܛܟܣܝܐ,575.0,575.0,0.0,2
ܐܘܛܩܪܛܘܪ,425.0,1693.0,1268.0,32
ܐܘܝ,325.0,1907.0,1582.0,176
ܐܘܝܠܐ,525.0,525.0,0.0,2
ܐܘܝܢܘܣ,950.0,950.0,0.0,1
ܐܘܟܐܝܛܐ,575.0,950.0,375.0,4
ܐܘܟܝܠܘܣ,950.0,950.0,0.0,2
ܐܘܟܣܐܠܡܝ,950.0,950.0,0.0,1
ܐܘܟܣܘܓܪܐܦܘܣ,950.0,950.0,0.0,1
ܐܘܟܣܘܝܓܝܘܢ,950.0,950.0,0.0,1
ܐܘܟܣܘܣ,775.0,775.0,0.0,1
ܐܘܟܣܝܐ,550.0,550.0,0.0,1
ܐܘܟܣܝܘܣ,700.0,700.0,0.0,1
ܐܘܟܣܝܢܘܣ,450.0,450.0,0.0,1
ܐܘܟܣܝܣ,950.0,950.0,0.0,2
ܐܘܟܣܝܪܝܣ,950.0,950.0,0.0,1
ܐܘܟܪܐ,950.0,950.0,0.0,2
ܐܘܟܪܝܣܛܝܐ,350.0,1050.0,700.0,33
ܐܘܟܪܣܛܝܐ,500.0,1250.0,750.0,56
ܐܘܠܗܘܡܦܘܣ,350.0,350.0,0.0,2
ܐܘܠܘ,500.0,950.0,450.0,21
ܐܘܠܘܓܘ,675.0,1250.0,575.0,18
ܐܘܠܘܢܐ,675.0,950.0,275.0,10
ܐܘܠܘܢܝܐ,950.0,950.0,0.0,1
ܐܘܠܘܣ,600.0,600.0,0.0,2
ܐܘܠܘܦܝܛܘܢ,950.0,950.0,0.0,1
ܐܘܠܘܪܐ,950.0,950.0,0.0,1
ܐܘܠܝ,675.0,950.0,275.0,4
ܐܘܠܝܘ,950.0,950.0,0.0,1
ܐܘܠܝܛܪܝܕܘܣ,950.0,950.0,0.0,1
ܐܘܠܝܡܦܘܣ,950.0,950.0,0.0,1
ܐܘܠܠܘܡܦܝܐ,950.0,950.0,0.0,1
ܐܘܠܣܬܝܡܐ,950.0,950.0,0.0,1
ܐܘܡܐ,450.0,1234.0,784.0,89
ܐܘܡܒܪܘܣ,950.0,950.0,0.0,1
ܐܘܡܘܕܪܐܣܝܣ,950.0,950.0,0.0,1
ܐܘܡܘܕܪܝܐܣܝܣ,950.0,950.0,0.0,1
ܐܘܡܘܛܐܕܝܟܘܣ,950.0,950.0,0.0,1
ܐܘܡܘܝܘܦܐܬܝܣ,950.0,950.0,0.0,1
ܐܘܡܘܠܘܢ,950.0,950.0,0.0,1
ܐܘܡܘܢܘܡܝܐ,850.0,850.0,0.0,1
ܐܘܡܘܪܘܣܝܣ,950.0,950.0,0.0,1
ܐܘܡܛܝܐ,950.0,950.0,0.0,1
ܐܘܡܠܝܓܝܐ,950.0,950.0,0.0,1
ܐܘܡܪܘܣ,375.0,625.0,250.0,4
ܐܘܢ,675.0,950.0,275.0,2
ܐܘܢܓܠܝܘܢ,325.0,2007.0,1682.0,2591
ܐܘܢܓܠܝܘܢܐ,1234.0,1234.0,0.0,2
ܐܘܢܓܠܝܣܛܐ,350.0,1950.0,1600.0,411
ܐܘܢܘ,475.0,1250.0,775.0,69
ܐܘܢܘܟܗܣ,950.0,950.0,0.0,1
ܐܘܢܘܟܘܣ,950.0,950.0,0.0,1
ܐܘܢܘܟܣܐ,525.0,1250.0,725.0,18
ܐܘܢܘܡܐ,950.0,950.0,0.0,1
ܐܘܢܘܣ,675.0,950.0,275.0,54
ܐܘܢܘܣܝܡܐ,950.0,950.0,0.0,1
ܐܘܢܘܪܝܣܡܐ,950.0,950.0,0.0,1
ܐܘܢܝܐ,550.0,950.0,400.0,3
ܐܘܢܟܣܐ,525.0,1025.0,500.0,26
ܐܘܢܢܬܝܛܝܣ,950.0,950.0,0.0,1
ܐܘܢܪܝܢ,950.0,950.0,0.0,1
ܐܘܣ,400.0,1375.0,975.0,106
ܐܘܣܐ,500.0,950.0,450.0,50
ܐܘܣܒܝܘܣ,500.0,1250.0,750.0,173
ܐܘܣܛܘܢ,950.0,950.0,0.0,1
ܐܘܣܛܪܐܩܘܢ,950.0,950.0,0.0,1
ܐܘܣܝܐ,350.0,1994.0,1644.0,4969
ܐܘܣܝܐܝܬ,519.0,1150.0,631.0,47
ܐܘܣܝܘܣ,500.0,1693.0,1193.0,9
ܐܘܣܝܝܐ,519.0,1300.0,781.0,58
ܐܘܣܝܝܐܝܬ,525.0,550.0,25.0,5
ܐܘܦܐܛܝܣܐ,825.0,825.0,0.0,1
ܐܘܦܐܣܦܓܡܐ,950.0,950.0,0.0,1
ܐܘܦܐܦܐܐ,950.0,950.0,0.0,1
ܐܘܦܐܩܝܢܘܢ,950.0,950.0,0.0,1
ܐܘܦܓܐܣܛܪܝܘ,950.0,950.0,0.0,2
ܐܘܦܓܪܦܐ,950.0,950.0,0.0,1
ܐܘܦܗܘܦܛܘܢ,675.0,950.0,275.0,2
ܐܘܦܗܘܦܪܟܘܢ,675.0,950.0,275.0,4
ܐܘܦܗܠܝܐ,950.0,950.0,0.0,1
ܐܘܦܗܦܛܘܢ,675.0,950.0,275.0,2
ܐܘܦܘܕܘܛܝܣ,950.0,950.0,0.0,1
ܐܘܦܘܟܘܡܐ,950.0,950.0,0.0,1
ܐܘܦܘܠܘܡܘܪܦܘܣ,950.0,950.0,0.0,2
ܐܘܦܘܠܘܣܝܣ,950.0,950.0,0.0,1
ܐܘܦܘܠܝܛܘܣ,950.0,950.0,0.0,1
ܐܘܦܘܡܢܝܡܐܛܐ,950.0,950.0,0.0,1
ܐܘܦܘܢܘܡܐ,950.0,950.0,0.0,1
ܐܘܦܘܣܘܪܡܐܛܐ,950.0,950.0,0.0,1
ܐܘܦܘܣܡܗ,950.0,950.0,0.0,1
ܐܘܦܘܣܩܘܪܕܝܘܢ,950.0,950.0,0.0,1
ܐܘܦܘܦܝܐ,950.0,950.0,0.0,1
ܐܘܦܘܩܘܣܛܝܣ,950.0,950.0,0.0,1
ܐܘܦܘܩܝܡܗܢܘܢ,950.0,950.0,0.0,1
ܐܘܦܘܪܦܝܘܠܐܩܝܘܢ,950.0,950.0,0.0,1
ܐܘܦܘܬܐ,950.0,950.0,0.0,1
ܐܘܦܘܬܐܣܝܣ,950.0,950.0,0.0,1
ܐܘܦܘܬܝܩܝ,950.0,950.0,0.0,1
ܐܘܦܛܪܝܩܘܢ,950.0,950.0,0.0,1
ܐܘܦܝܡܘܣ,775.0,775.0,0.0,4
ܐܘܦܝܣ,675.0,950.0,275.0,3
ܐܘܦܝܣܐ,950.0,950.0,0.0,1
ܐܘܦܝܣܘ,950.0,950.0,0.0,1
ܐܘܦܝܣܬܘܛܘܢܘܣ,950.0,950.0,0.0,1
ܐܘܦܝܬܝܣ,950.0,950.0,0.0,1
ܐܘܦܠܘܢ,950.0,950.0,0.0,1
ܐܘܦܠܝ,950.0,950.0,0.0,1
ܐܘܦܠܝܡܣܝܣ,950.0,950.0,0.0,1
ܐܘܦܡܐܢܝܡܛܐ,500.0,500.0,0.0,2
ܐܘܦܣܪܝܢ,950.0,950.0,0.0,1
ܐܘܦܪܐ,675.0,950.0,275.0,10
ܐܘܦܪܒܝܘܢ,950.0,950.0,0.0,2
ܐܘܦܪܘܣܝܢܝ,675.0,675.0,0.0,36
ܐܘܦܪܝܩܘܢ,950.0,950.0,0.0,1
ܐܘܦܪܟܐ,675.0,1234.0,559.0,51
ܐܘܦܪܟܝܐ,675.0,675.0,0.0,2
ܐܘܦܪܟܣܝܣ,950.0,950.0,0.0,1
ܐܘܦܬܐܘܣ,950.0,950.0,0.0,1
ܐܘܦܬܐܠܡܘܣ,950.0,950.0,0.0,1
ܐܘܦܬܐܠܡܝܐ,950.0,950.0,0.0,2
ܐܘܩܐܘܢܣ,500.0,575.0,75.0,3
ܐܘܩܘܢܘܡܐ,1693.0,1693.0,0.0,3
ܐܘܩܛܘܩܕܩܛܘܢ,525.0,525.0,0.0,2
ܐܘܩܝܐܢܘܣ,575.0,1250.0,675.0,31
ܐܘܩܝܠܘܣ,950.0,950.0,0.0,1
ܐܘܩܝܡܘܢ,950.0,1250.0,300.0,3
ܐܘܩܝܢܐ,475.0,1938.0,1463.0,61
ܐܘܩܝܢܕܐ,675.0,675.0,0.0,1
ܐܘܩܝܢܘܣ,950.0,1222.0,272.0,3
ܐܘܩܝܢܪܐ,675.0,675.0,0.0,1
ܐܘܩܢܡܐ,450.0,450.0,0.0,1
ܐܘܪܐ,500.0,1250.0,750.0,76
ܐܘܪܐܢܘܢ,950.0,950.0,0.0,1
ܐܘܪܐܢܘܣ,950.0,950.0,0.0,3
ܐܘܪܐܢܝܘ,950.0,950.0,0.0,2
ܐܘܪܐܢܝܘܣ,525.0,950.0,425.0,3
ܐܘܪܒܘܣ,675.0,1250.0,575.0,4
ܐܘܪܓܐܢܝܛܘܣ,950.0,950.0,0.0,1
ܐܘܪܓܝ,525.0,1693.0,1168.0,11
ܐܘܪܓܠܝܘܢ,675.0,675.0,0.0,1
ܐܘܪܓܢܘܢ,375.0,1500.0,1125.0,229
ܐܘܪܓܢܘܢܐܝܬ,1222.0,1222.0,0.0,1
ܐܘܪܓܢܝܐ,675.0,1300.0,625.0,17
ܐܘܪܕܝܢܘܣ,950.0,950.0,0.0,2
ܐܘܪܗܐܘܣܗܠܝܢܘܢ,950.0,950.0,0.0,1
ܐܘܪܗܓܢܝܣ,850.0,950.0,100.0,2
ܐܘܪܘܙܐ,950.0,1250.0,300.0,3
ܐܘܪܘܠܘܓܝܩܘܢ,950.0,950.0,0.0,1
ܐܘܪܘܢܘܛܘܣ,1250.0,1250.0,0.0,3
ܐܘܪܘܣ,775.0,775.0,0.0,2
ܐܘܪܘܦܐ,125.0,1905.0,1780.0,11
ܐܘܪܘܦܘܓܢܘܢ,1250.0,1250.0,0.0,1
ܐܘܪܘܬܕܘܟܣܗܘ,350.0,350.0,0.0,1
ܐܘܪܚܬܐ,325.0,1950.0,1625.0,687
ܐܘܪܛܝ,425.0,425.0,0.0,2
ܐܘܪܝ,350.0,1375.0,1025.0,41
ܐܘܪܝܐ,775.0,1300.0,525.0,12
ܐܘܪܝܓܐܢܘܢ,950.0,1250.0,300.0,6
ܐܘܪܝܘܐܘܡܗܟܘܣ,950.0,950.0,0.0,1
ܐܘܪܝܘܓܝ,950.0,950.0,0.0,1
ܐܘܪܝܣ,519.0,950.0,431.0,8
ܐܘܪܝܣܡܘܣ,950.0,950.0,0.0,3
ܐܘܪܝܦܘܣ,375.0,1250.0,875.0,5
ܐܘܪܝܦܝ,1234.0,1994.0,760.0,11
ܐܘܪܝܦܝܐ,1250.0,1994.0,744.0,3
ܐܘܪܟܝܕܝܐ,950.0,950.0,0.0,1
ܐܘܪܟܝܣ,950.0,950.0,0.0,2
ܐܘܪܟܝܣܛܘܬܐ,701.0,701.0,0.0,2
ܐܘܪܟܣܛܪܝܐ,950.0,950.0,0.0,1
ܐܘܪܡܝܢܘܢ,950.0,950.0,0.0,1
ܐܘܪܢ,500.0,950.0,450.0,16
ܐܘܪܢܝܬܘܓܐܠܐ,950.0,950.0,0.0,1
ܐܘܪܢܝܬܝܣ,950.0,950.0,0.0,1
ܐܘܪܣܠܝܢܘܢ,950.0,950.0,0.0,1
ܐܘܪܦܘܣ,701.0,701.0,0.0,2
ܐܘܪܦܝ,950.0,950.0,0.0,1
ܐܘܪܩܘܣ,950.0,950.0,0.0,1
ܐܘܪܩܠܝܕܘܢ,539.0,950.0,411.0,6
ܐܘܪܬܘܓܪܦܝܐ,950.0,950.0,0.0,1
ܐܘܪܬܘܕܘܟܣܐ,500.0,701.0,201.0,26
ܐܘܪܬܦܘܢܝܐ,950.0,950.0,0.0,1
ܐܘܪܬܪܝܕܘ,950.0,950.0,0.0,1
ܐܘܬܐܕܝ,950.0,950.0,0.0,1
ܐܘܬܐܛܘܢ,950.0,950.0,0.0,1
ܐܘܬܗܢܛܝܐ,350.0,350.0,0.0,1
ܐܘܬܢܛܐ,450.0,450.0,0.0,1
ܐܘܬܢܛܝܐ,450.0,1375.0,925.0,35
ܐܘܬܢܛܝܩܘܢ,450.0,450.0,0.0,2
ܐܘܬܢܛܝܩܝ,950.0,950.0,0.0,1
ܐܘܬܢܝܛܘܣ,950.0,950.0,0.0,1
ܐܘܬܪܝܛܝܣ,950.0,950.0,0.0,1
ܐܙܓܘܡܐ,950.0,950.0,0.0,1
ܐܙܓܘܢܐ,675.0,1175.0,500.0,2
ܐܙܡܪܓܕܐ,575.0,1250.0,675.0,16
ܐܚܪܢܐܝܬ,350.0,1250.0,900.0,69
ܐܛܗܪܐܡܝܐ,950.0,950.0,0.0,1
ܐܛܘܡܐܛܘܢ,1250.0,1250.0,0.0,3
ܐܛܘܡܘܠܘܓܝܐ,950.0,950.0,0.0,1
ܐܛܘܡܝܐ,1250.0,1250.0,0.0,1
ܐܛܘܢ,350.0,950.0,600.0,111
ܐܛܘܢܐ,950.0,1275.0,325.0,2
ܐܛܝ,450.0,775.0,325.0,15
ܐܛܝܠܘܣ,950.0,950.0,0.0,1
ܐܛܝܡܐ,450.0,1250.0,800.0,23
ܐܛܝܩܐ,575.0,950.0,375.0,6
ܐܛܝܩܘܣ,550.0,1250.0,700.0,18
ܐܛܝܩܝܐ,800.0,950.0,150.0,6
ܐܛܠܘܣ,724.0,1234.0,510.0,6
ܐܛܪܝܢ,950.0,950.0,0.0,3
ܐܛܪܟܐ,950.0,950.0,0.0,1
ܐܛܪܩܛܘܠܝܣ,1250.0,1250.0,0.0,2
ܐܝ,500.0,1150.0,650.0,41
ܐܝܐܘܡܗܢܘܣ,950.0,950.0,0.0,1
ܐܝܐܝܡܐ,950.0,950.0,0.0,1
ܐܝܐܣܗ,950.0,950.0,0.0,1
ܐܝܐܣܘܡܗ,950.0,950.0,0.0,1
ܐܝܐܣܘܢ,675.0,1150.0,475.0,2
ܐܝܒܗܣܗܐܘܣ,950.0,950.0,0.0,1
ܐܝܒܢܘܣ,950.0,950.0,0.0,1
ܐܝܓܘܡܘܢܝܩܝܬܐ,950.0,950.0,0.0,1
ܐܝܓܘܢ,350.0,575.0,225.0,30
ܐܝܓܘܦܛܘܣ,588.0,1250.0,662.0,31
ܐܝܓܘܦܛܝܐ,675.0,1250.0,575.0,19
ܐܝܓܘܪܝܐ,950.0,950.0,0.0,1
ܐܝܓܝ,950.0,950.0,0.0,2
ܐܝܓܝܘܣܛܘܣ,950.0,950.0,0.0,1
ܐܝܓܡܘܢܐ,430.0,1250.0,820.0,49
ܐܝܓܩܗܪܘܣ,950.0,950.0,0.0,2
ܐܝܕܐܛܝܣ,950.0,950.0,0.0,1
ܐܝܕܗܐܝܢ,950.0,950.0,0.0,1
ܐܝܕܗܐܣ,950.0,950.0,0.0,1
ܐܝܕܘܐܘܣܡܘܢ,950.0,950.0,0.0,1
ܐܝܕܘܟܪܘܐܘܢ,950.0,950.0,0.0,1
ܐܝܕܘܠܗܣܟܝܘ,950.0,950.0,0.0,1
ܐܝܕܘܢ,350.0,350.0,0.0,1
ܐܝܕܘܣ,665.0,950.0,285.0,4
ܐܝܕܘܣܐܪܘܢ,950.0,950.0,0.0,3
ܐܝܕܛܘܣ,950.0,950.0,0.0,1
ܐܝܕܝܘܡܛܐ,550.0,550.0,0.0,1
ܐܝܕܝܡܗ,950.0,950.0,0.0,1
ܐܝܕܪܝܘܡܗܢܐ,950.0,950.0,0.0,1
ܐܝܗܡܘܢܝ,950.0,950.0,0.0,2
ܐܝܗܪܐ,350.0,950.0,600.0,2
ܐܝܗܪܒܘܛܐܢܝ,950.0,950.0,0.0,1
ܐܝܘ,325.0,1950.0,1625.0,661
ܐܝܘܕܘܦܘܣ,950.0,950.0,0.0,1
ܐܝܘܛܘ,950.0,950.0,0.0,4
ܐܝܘܛܘܢ,950.0,950.0,0.0,1
ܐܝܘܟܐܬܝܛܘ,950.0,950.0,0.0,1
ܐܝܘܟܝ,950.0,950.0,0.0,3
ܐܝܘܟܝܢ,950.0,950.0,0.0,1
ܐܝܘܟܝܢܐ,950.0,950.0,0.0,1
ܐܝܘܠܐܟܘܣ,950.0,950.0,0.0,1
ܐܝܘܠܒܢܛܛܝܣ,950.0,950.0,0.0,1
ܐܝܘܠܝ,950.0,1250.0,300.0,13
ܐܝܘܠܝܣܬܝܣܗܛܗ,950.0,950.0,0.0,1
ܐܝܘܡܝܘܢ,950.0,950.0,0.0,1
ܐܝܘܢ,475.0,1950.0,1475.0,101
ܐܝܘܣܛܗܪܝܣܗܐܝ,950.0,950.0,0.0,1
ܐܝܘܣܛܘܣ,950.0,950.0,0.0,1
ܐܝܘܦܐܐܝܛܘ,950.0,950.0,0.0,1
ܐܝܘܦܗܡܢܝܐ,950.0,950.0,0.0,1
ܐܝܘܦܗܪܐܣܦܝܣܛܝܣ,950.0,950.0,0.0,1
ܐܝܘܦܗܪܒܝܣܐܘܡܗ,950.0,950.0,0.0,1
ܐܝܘܦܗܪܗܕܝܘܢܐܡܘܣ,950.0,950.0,0.0,1
ܐܝܘܦܗܪܘܪܐܣܝܣܬܗ,950.0,950.0,0.0,1
ܐܝܘܦܗܪܣܐ,950.0,950.0,0.0,1
ܐܝܘܦܗܪܬܝܛܝܩܝ,950.0,950.0,0.0,1
ܐܝܘܦܘܣܛܐܣܝܣ,950.0,950.0,0.0,1
ܐܝܘܦܘܣܛܝܩܝܗܛܗ,950.0,950.0,0.0,1
ܐܝܘܦܣܘܣ,950.0,950.0,0.0,1
ܐܝܘܦܣܘܬܝܛܘ,950.0,950.0,0.0,1
ܐܝܘܦܣܠܝܘܢ,950.0,950.0,0.0,1
ܐܝܘܩܪܛܠܝܐ,950.0,950.0,0.0,1
ܐܝܛܐ,350.0,1525.0,1175.0,268
ܐܝܛܐܠܐܟܝܐ,950.0,950.0,0.0,1
ܐܝܛܐܠܘܣ,350.0,350.0,0.0,4
ܐܝܛܐܠܝܩܝ,950.0,1250.0,300.0,9
ܐܝܛܘ,950.0,950.0,0.0,2
ܐܝܛܘܡܐ,950.0,950.0,0.0,1
ܐܝܛܝܐܛܝܩܝ,950.0,950.0,0.0,1
ܐܝܛܝܣܐܝ,950.0,950.0,0.0,1
ܐܝܛܝܪܝܘܢ,950.0,950.0,0.0,1
ܐܝܛܪܘܣ,950.0,950.0,0.0,3
ܐܝܛܪܝܢ,950.0,950.0,0.0,1
ܐܝܟܘܣ,525.0,950.0,425.0,4
ܐܝܟܘܣܐ,950.0,950.0,0.0,4
ܐܝܟܝܣܐܢ,950.0,950.0,0.0,1
ܐܝܟܡܐܠܠܝܣܣܝܐ,950.0,950.0,0.0,1
ܐܝܟܣܗܐܝ,950.0,950.0,0.0,1
ܐܝܟܣܘܛܝܣ,950.0,950.0,0.0,1
ܐܝܟܣܘܣ,950.0,950.0,0.0,1
ܐܝܟܪܗܐܝܘܬܝܣܐܢ,950.0,950.0,0.0,1
ܐܝܟܬܝܘܣ,950.0,950.0,0.0,1
ܐܝܠܐܘܣ,500.0,1500.0,1000.0,2
ܐܝܠܐܢܝܢܘܦܪܣܝܣ,950.0,950.0,0.0,1
ܐܝܠܐܣܝܢܝ,950.0,950.0,0.0,1
ܐܝܠܐܪܗܘܢܗ,950.0,950.0,0.0,1
ܐܝܠܐܪܝܐ,350.0,950.0,600.0,5
ܐܝܠܗܩܛܪܘܢ,950.0,1250.0,300.0,2
ܐܝܠܘܣ,550.0,950.0,400.0,5
ܐܝܠܛܪܝܢ,425.0,425.0,0.0,1
ܐܝܠܝܐܝܡܘܢ,950.0,950.0,0.0,1
ܐܝܠܝܘܛܪܘܦܝܘܢ,950.0,950.0,0.0,2
ܐܝܠܝܘܢ,650.0,775.0,125.0,4
ܐܝܠܝܘܣܛܝܛܐܢ,950.0,950.0,0.0,1
ܐܝܠܝܣܘܢ,950.0,950.0,0.0,1
ܐܝܠܝܣܝܐܣ,950.0,950.0,0.0,1
ܐܝܠܝܦܘܣ,950.0,950.0,0.0,1
ܐܝܠܝܬܪܘܣ,950.0,950.0,0.0,1
ܐܝܠܡܛܐ,518.0,518.0,0.0,1
ܐܝܠܢܝܐ,950.0,950.0,0.0,1
ܐܝܠܬܐ,350.0,1375.0,1025.0,38
ܐܝܠܬܘܢ,950.0,950.0,0.0,2
ܐܝܡܐ,350.0,1234.0,884.0,47
ܐܝܡܐܘܣ,950.0,950.0,0.0,1
ܐܝܡܐܛܝܘܢ,950.0,950.0,0.0,1
ܐܝܡܐܣ,950.0,950.0,0.0,1
ܐܝܡܒܐܝܦܝܣܝܢ,950.0,950.0,0.0,1
ܐܝܡܗܪܐ,950.0,950.0,0.0,4
ܐܝܡܗܪܐܘܣ,950.0,950.0,0.0,1
ܐܝܡܘܡܐܪܬܘܢ,950.0,950.0,0.0,1
ܐܝܡܘܢ,950.0,950.0,0.0,5
ܐܝܡܘܣ,950.0,950.0,0.0,2
ܐܝܡܛܛܘܣܐܘܣ,950.0,950.0,0.0,1
ܐܝܡܛܪܝܛܐܘܣ,950.0,950.0,0.0,1
ܐܝܡܝ,500.0,950.0,450.0,7
ܐܝܡܝܘܢܐܡܝ,950.0,950.0,0.0,1
ܐܝܡܝܘܢܘܣ,950.0,950.0,0.0,1
ܐܝܡܝܘܣ,950.0,950.0,0.0,1
ܐܝܡܝܛܐ,950.0,950.0,0.0,1
ܐܝܡܝܢ,588.0,950.0,362.0,5
ܐܝܡܝܣܗܐܢܘܣܘܩܝ,950.0,950.0,0.0,1
ܐܝܡܝܣܘ,950.0,950.0,0.0,1
ܐܝܡܝܬܗܐܘܣ,950.0,950.0,0.0,1
ܐܝܡܦܠܓܐ,950.0,950.0,0.0,1
ܐܝܢܐܘܢ,950.0,950.0,0.0,1
ܐܝܢܐܛܝ,950.0,950.0,0.0,1
ܐܝܢܕܘܣ,1250.0,1250.0,0.0,3
ܐܝܢܕܝܩܘܢ,950.0,950.0,0.0,1
ܐܝܢܗܣ,950.0,1250.0,300.0,12
ܐܝܢܗܣܝܣ,950.0,950.0,0.0,1
ܐܝܢܘܟܣܐܢ,950.0,950.0,0.0,1
ܐܝܢܘܣ,500.0,950.0,450.0,6
ܐܝܢܟܘܣ,724.0,1025.0,301.0,7
ܐܝܣܐܛܝܣ,950.0,950.0,0.0,3
ܐܝܣܐܢ,950.0,950.0,0.0,1
ܐܝܣܓܘܓܝ,850.0,850.0,0.0,1
ܐܝܣܘ,375.0,1250.0,875.0,16
ܐܝܣܘܓܝܢ,950.0,950.0,0.0,1
ܐܝܣܘܣܩܘܠܝܣ,950.0,950.0,0.0,1
ܐܝܣܘܦܩܝܘܟܘܣ,950.0,950.0,0.0,1
ܐܝܣܛܘܢ,950.0,950.0,0.0,1
ܐܝܣܛܝܣܦܘܠܝܣ,950.0,950.0,0.0,1
ܐܝܣܝܘܟܐ,950.0,950.0,0.0,1
ܐܝܣܝܟܝܘܣ,950.0,950.0,0.0,1
ܐܝܣܝܡܗܪܐ,950.0,950.0,0.0,1
ܐܝܣܝܡܗܪܘܣ,1250.0,1250.0,0.0,4
ܐܝܣܝܣ,525.0,1250.0,725.0,4
ܐܝܣܝܣܛܪܝܢ,950.0,950.0,0.0,1
ܐܝܣܟܐܠܗܢ,950.0,950.0,0.0,1
ܐܝܣܦܘܢ,350.0,850.0,500.0,7
ܐܝܣܩܘܢܬܗܢܝܣܐܢ,950.0,950.0,0.0,1
ܐܝܣܩܝܪܘܣ,950.0,950.0,0.0,2
ܐܝܣܪܐ,350.0,1234.0,884.0,40
ܐܝܣܪܝܩܐ,950.0,950.0,0.0,1
ܐܝܣܬܐ,950.0,950.0,0.0,1
ܐܝܦܐܛܘ,950.0,950.0,0.0,1
ܐܝܦܐܪ,950.0,950.0,0.0,1
ܐܝܦܘܓܪܦܝ,950.0,950.0,0.0,1
ܐܝܦܘܕܝܟܣܝܣ,950.0,950.0,0.0,1
ܐܝܦܘܕܝܩܛܝܩܝ,950.0,950.0,0.0,1
ܐܝܦܘܠܝܘܣ,675.0,950.0,275.0,2
ܐܝܦܘܣ,950.0,950.0,0.0,1
ܐܝܦܘܣܛܐܣܝܣ,950.0,950.0,0.0,1
ܐܝܦܘܣܛܘܠܝܢ,950.0,950.0,0.0,1
ܐܝܦܘܣܛܘܠܝܩܐܝܬ,950.0,950.0,0.0,1
ܐܝܦܘܣܡܐ,950.0,950.0,0.0,1
ܐܝܦܘܦܘܐܘܢ,950.0,950.0,0.0,1
ܐܝܦܘܦܝܕܪܝܩܘܢ,950.0,950.0,0.0,1
ܐܝܦܘܩܡܘܢ,950.0,950.0,0.0,1
ܐܝܦܘܩܪܐܛܝܣ,850.0,1250.0,400.0,8
ܐܝܦܘܪܐ,825.0,950.0,125.0,2
ܐܝܦܘܪܝܣ,950.0,950.0,0.0,1
ܐܝܦܝܐܠܘܣ,950.0,950.0,0.0,1
ܐܝܦܝܩܝܣܛܘܣ,950.0,950.0,0.0,1
ܐܝܦܝܬܛܝܐ,950.0,950.0,0.0,1
ܐܝܦܣܝܣܛܘܣ,950.0,950.0,0.0,1
ܐܝܦܣܩܡܝܐ,950.0,950.0,0.0,1
ܐܝܦܦܐܩܝ,950.0,950.0,0.0,1
ܐܝܦܦܘܣ,950.0,950.0,0.0,1
ܐܝܦܦܘܦܗܣܛܘܢ,950.0,950.0,0.0,1
ܐܝܦܦܘܩܪܐܛܝܣ,850.0,1250.0,400.0,5
ܐܝܦܦܘܪܝܣ,950.0,950.0,0.0,2
ܐܝܦܦܝܐܛܪܘܣ,950.0,950.0,0.0,1
ܐܝܦܪܘܢ,950.0,950.0,0.0,1
ܐܝܦܪܝܦܢܝܐ,950.0,950.0,0.0,1
ܐܝܩܐ,325.0,1300.0,975.0,213
ܐܝܩܗܛܝܣ,950.0,950.0,0.0,1
ܐܝܩܝ,450.0,1250.0,800.0,73
ܐܝܩܠܐ,500.0,950.0,450.0,8
ܐܝܩܢܘܡܝܩܘܢ,950.0,950.0,0.0,1
ܐܝܩܣܛܘܢ,500.0,500.0,0.0,1
ܐܝܩܪܡܢܘܢ,950.0,950.0,0.0,1
ܐܝܪ,350.0,1957.0,1607.0,659
ܐܝܪܐ,350.0,2006.0,1656.0,104
ܐܝܪܐܛܝܘܢ,1250.0,1250.0,0.0,2
ܐܝܪܐܝܢ,950.0,950.0,0.0,1
ܐܝܪܐܢܐ,1234.0,1234.0,0.0,2
ܐܝܪܐܦܘܠܝܣ,724.0,724.0,0.0,1
ܐܝܪܐܩܠܝܐ,950.0,950.0,0.0,1
ܐܝܪܐܩܠܝܣ,375.0,1234.0,859.0,17
ܐܝܪܓܘܢܐ,675.0,675.0,0.0,1
ܐܝܪܘܕܝܣ,350.0,1250.0,900.0,317
ܐܝܪܘܢ,675.0,1234.0,559.0,9
ܐܝܪܘܢܝ,675.0,950.0,275.0,3
ܐܝܪܘܣ,950.0,950.0,0.0,1
ܐܝܪܝܢܝܩܘܣ,775.0,950.0,175.0,2
ܐܝܪܝܣ,701.0,950.0,249.0,3
ܐܝܪܟܣܐܡܝܢ,950.0,950.0,0.0,1
ܐܝܪܢܐܘܣ,450.0,675.0,225.0,17
ܐܝܬܝܩܘܣ,701.0,950.0,249.0,3
ܐܟܐܝܐ,425.0,1300.0,875.0,30
ܐܟܐܝܩܘܣ,950.0,950.0,0.0,1
ܐܟܕܢܐ,325.0,1907.0,1582.0,229
ܐܟܘܠܬܐ,450.0,1250.0,800.0,15
ܐܟܘܪ,675.0,1025.0,350.0,5
ܐܟܘܪܘܢ,950.0,950.0,0.0,1
ܐܟܘܪܘܣ,950.0,950.0,0.0,1
ܐܟܝܘܣ,675.0,675.0,0.0,1
ܐܟܝܢܘܣ,675.0,675.0,0.0,1
ܐܟܝܪܦܘܐܛ,575.0,575.0,0.0,2
ܐܟܠܘܣ,350.0,1693.0,1343.0,54
ܐܟܣܘܓܐܠܐ,950.0,950.0,0.0,1
ܐܟܣܘܟܘܠܘܣ,950.0,950.0,0.0,1
ܐܟܣܘܢ,500.0,500.0,0.0,1
ܐܟܣܘܢܓܝܢ,950.0,950.0,0.0,3
ܐܟܣܘܢܕܟܘܣ,950.0,950.0,0.0,1
ܐܟܣܘܣ,950.0,950.0,0.0,1
ܐܟܣܘܪܝܐ,375.0,1250.0,875.0,431
ܐܟܣܝܛܝܪܝܘܢ,375.0,375.0,0.0,1
ܐܟܣܝܢܝ,450.0,950.0,500.0,2
ܐܟܣܝܣ,550.0,1250.0,700.0,10
ܐܟܣܝܣܘܛܝܣ,950.0,950.0,0.0,1
ܐܟܣܝܣܝܐ,1994.0,1994.0,0.0,1
ܐܟܣܢܝܐ,125.0,1994.0,1869.0,1196
ܐܟܣܪܟܐ,575.0,675.0,100.0,4
ܐܟܪܘܬܐ,350.0,1375.0,1025.0,41
ܐܠܓܐ,950.0,950.0,0.0,1
ܐܠܗܩܛܘܪܘܣ,950.0,950.0,0.0,1
ܐܠܘܡܘܣ,850.0,1150.0,300.0,6
ܐܠܘܡܦܘܣ,575.0,1250.0,675.0,4
ܐܠܘܣܘܢ,950.0,950.0,0.0,1
ܐܠܘܦܝܐܣ,950.0,950.0,0.0,1
ܐܠܘܪܘܣ,575.0,950.0,375.0,6
ܐܠܘܪܝܩܘܢ,400.0,1250.0,850.0,13
ܐܠܛܐ,1025.0,1025.0,0.0,8
ܐܠܝܕܝܘܣ,775.0,775.0,0.0,2
ܐܠܝܘܕ,325.0,1250.0,925.0,26
ܐܠܝܛܐ,525.0,950.0,425.0,8
ܐܠܝܛܪܝܘܢ,950.0,950.0,0.0,1
ܐܠܝܠܘܬܐ,850.0,950.0,100.0,2
ܐܠܝܡܐ,950.0,950.0,0.0,2
ܐܠܝܢܘܣ,950.0,1150.0,200.0,5
ܐܠܝܣܝܪܝܩܐ,675.0,675.0,0.0,1
ܐܠܝܩܐܩܐܒܘܢ,950.0,950.0,0.0,1
ܐܠܝܩܛܪܘܢ,375.0,950.0,575.0,5
ܐܠܟܣܢܕܪܝܐ,350.0,1950.0,1600.0,1490
ܐܠܠܘܛܪܝܘܢ,950.0,950.0,0.0,1
ܐܠܡܐ,350.0,1994.0,1644.0,29
ܐܠܢܘܣ,125.0,125.0,0.0,2
ܐܠܢܝܐ,450.0,1375.0,925.0,61
ܐܠܦܝܘܣ,375.0,701.0,326.0,13
ܐܠܨܘܬܐ,450.0,1500.0,1050.0,6
ܐܠܨܝܐ,525.0,2006.0,1481.0,130
ܐܠܩܐܘܢ,950.0,950.0,0.0,1
ܐܠܩܗܐܐ,950.0,950.0,0.0,1
ܐܠܩܘܣܡܐ,950.0,950.0,0.0,1
ܐܡܒܠܘܐܘܦܝܐ,950.0,950.0,0.0,1
ܐܡܒܪ,500.0,950.0,450.0,3
ܐܡܘܓܕܐܠܝܢܘܢ,950.0,950.0,0.0,1
ܐܡܘܕܪܝܐܣܝܣ,950.0,950.0,0.0,2
ܐܡܘܡܘܢ,950.0,950.0,0.0,1
ܐܡܘܡܘܣ,950.0,950.0,0.0,1
ܐܡܘܢ,325.0,1994.0,1669.0,342
ܐܡܘܢܝܩܘܢ,950.0,950.0,0.0,2
ܐܡܝܢ,350.0,1850.0,1500.0,212
ܐܡܝܢܝ,325.0,1950.0,1625.0,236
ܐܡܝܣ,950.0,950.0,0.0,3
ܐܡܦܝܩܘܪܛܘܣ,950.0,950.0,0.0,1
ܐܡܦܪܟܐ,575.0,575.0,0.0,2
ܐܡܪܘܣ,519.0,1500.0,981.0,4
ܐܡܪܛܝܐ,950.0,950.0,0.0,1
ܐܡܪܟܐ,350.0,1886.0,1536.0,4
ܐܡܬܝܐ,575.0,575.0,0.0,2
ܐܢܐܒܝܒܙܘܢ,950.0,950.0,0.0,1
ܐܢܐܒܣܝܣ,950.0,950.0,0.0,2
ܐܢܐܓܢܘܣܛܘܣ,950.0,950.0,0.0,1
ܐܢܐܛܘܡܐ,950.0,950.0,0.0,1
ܐܢܐܠܐܒܝܢ,950.0,950.0,0.0,1
ܐܢܐܠܘܓܘܢ,950.0,950.0,0.0,1
ܐܢܐܠܘܓܝܣܛܝܩܘܣ,950.0,950.0,0.0,1
ܐܢܐܠܘܡܛܐ,950.0,950.0,0.0,1
ܐܢܐܦܘܪܗ,950.0,950.0,0.0,1
ܐܢܐܦܘܪܝܩܘܢ,950.0,950.0,0.0,1
ܐܢܐܦܣܝܘܣ,950.0,950.0,0.0,1
ܐܢܐܩܐܢܝܣܬܝܣܗܛܐ,950.0,950.0,0.0,1
ܐܢܐܪܝܢ,950.0,950.0,0.0,1
ܐܢܐܪܟܘܣ,950.0,950.0,0.0,1
ܐܢܓܓܗܐܝܠܐܛܗ,950.0,950.0,0.0,1
ܐܢܓܠܝܐ,950.0,950.0,0.0,1
ܐܢܓܠܝܕܘܣ,950.0,950.0,0.0,1
ܐܢܕܪܘܢܝܩܘܣ,350.0,1234.0,884.0,139
ܐܢܗܒܝ,950.0,950.0,0.0,1
ܐܢܗܛܪܐܦܝܢ,950.0,950.0,0.0,1
ܐܢܗܡܘܢܗ,950.0,950.0,0.0,1
ܐܢܗܡܘܣ,950.0,950.0,0.0,1
ܐܢܗܩܐܠܝܘܦܬܝ,950.0,950.0,0.0,1
ܐܢܗܪܘܣܡܐܛܐ,950.0,950.0,0.0,1
ܐܢܘܓܘܢ,950.0,950.0,0.0,1
ܐܢܘܛܝܩܘܢ,525.0,846.0,321.0,5
ܐܢܘܢܐ,500.0,950.0,450.0,7
ܐܢܛܘܒܝܐ,950.0,1250.0,300.0,3
ܐܢܛܘܟܣܝܣ,575.0,575.0,0.0,2
ܐܢܛܘܠܘܟܝܐ,950.0,950.0,0.0,1
ܐܢܛܘܠܝܩܘܢ,450.0,950.0,500.0,11
ܐܢܛܝܓܘܢܘܣ,665.0,1025.0,360.0,10
ܐܢܛܝܓܪܦܘܢ,450.0,450.0,0.0,10
ܐܢܛܝܠܘܓܝܐ,950.0,950.0,0.0,1
ܐܢܛܝܣܛܝܪܝܓܡܐ,950.0,950.0,0.0,1
ܐܢܛܝܦܐܬܝܐ,1234.0,1234.0,0.0,2
ܐܢܛܝܦܛܪܘܣ,650.0,1150.0,500.0,47
ܐܢܛܝܦܣܝܣ,650.0,1500.0,850.0,16
ܐܢܛܝܩܢܝܡܘܢ,950.0,950.0,0.0,1
ܐܢܛܝܩܣܪ,575.0,750.0,175.0,12
ܐܢܛܠܐ,550.0,560.0,10.0,3
ܐܢܛܠܘܣ,425.0,500.0,75.0,3
ܐܢܛܠܝܛܝܩܘܢ,850.0,1225.0,375.0,4
ܐܢܛܪܘܢ,950.0,950.0,0.0,1
ܐܢܛܪܛܐ,588.0,588.0,0.0,1
ܐܢܛܪܣܝܐ,575.0,950.0,375.0,3
ܐܢܛܪܦܣܐ,450.0,450.0,0.0,1
ܐܢܝܘܣ,525.0,1234.0,709.0,39
ܐܢܝܡܘܢܝ,950.0,950.0,0.0,1
ܐܢܝܬܝܢܘܢ,950.0,950.0,0.0,1
ܐܢܟܘܣܐ,950.0,1250.0,300.0,4
ܐܢܟܪܝܣܛܢܘܛܝܢܐ,575.0,575.0,0.0,2
ܐܢܢܩܐ,125.0,1907.0,1782.0,1028
ܐܢܢܩܝܐ,350.0,1907.0,1557.0,64
ܐܢܣܛܐܣܝܣ,701.0,950.0,249.0,7
ܐܢܦܪܐ,575.0,950.0,375.0,7
ܐܢܩܘܣ,950.0,1025.0,75.0,3
ܐܢܩܘܩܠܝܐ,575.0,950.0,375.0,55
ܐܢܩܘܩܠܝܘܢ,500.0,950.0,450.0,31
ܐܢܩܘܪܐ,400.0,1250.0,850.0,46
ܐܢܩܛܘܣ,846.0,950.0,104.0,2
ܐܢܩܝܦܘܠܘܣ,950.0,950.0,0.0,1
ܐܢܪܘܛܝܣܝܣ,950.0,950.0,0.0,1
ܐܢܪܟܘܣ,950.0,950.0,0.0,1
ܐܢܬܘܦܛܘܣ,575.0,1500.0,925.0,18
ܐܢܬܝܡܝܣ,575.0,950.0,375.0,2
ܐܢܬܡܝܣ,533.0,950.0,417.0,2
ܐܢܬܪܘܦܘܣ,950.0,950.0,0.0,4
ܐܣܐܪܝܘܢ,950.0,950.0,0.0,1
ܐܣܘܛܐ,325.0,1850.0,1525.0,126
ܐܣܘܛܐܝܬ,350.0,1150.0,800.0,31
ܐܣܘܛܘܬܐ,350.0,1950.0,1600.0,147
ܐܣܘܛܝܐ,430.0,950.0,520.0,5
ܐܣܛܐܢܐ,500.0,500.0,0.0,1
ܐܣܛܐܩܘ,1250.0,1250.0,0.0,3
ܐܣܛܒܠܐ,950.0,1234.0,284.0,5
ܐܣܛܕܐ,450.0,1250.0,800.0,18
ܐܣܛܕܝܘܢ,350.0,1234.0,884.0,51
ܐܣܛܘܐ,375.0,1994.0,1619.0,160
ܐܣܛܘܐܝܩܘ,375.0,1250.0,875.0,10
ܐܣܛܘܟܘܕܘܣ,1250.0,1250.0,0.0,2
ܐܣܛܘܟܝܐ,500.0,950.0,450.0,11
ܐܣܛܘܟܣܐ,125.0,1994.0,1869.0,699
ܐܣܛܘܡܟܐ,450.0,1250.0,800.0,71
ܐܣܛܘܢܐ,325.0,1800.0,1475.0,260
ܐܣܛܘܪܝܩܘܢ,950.0,950.0,0.0,1
ܐܣܛܘܪܟܐ,701.0,1250.0,549.0,22
ܐܣܛܠܐ,350.0,1950.0,1600.0,250
ܐܣܛܣܝܣ,525.0,1525.0,1000.0,52
ܐܣܛܣܝܪܐ,800.0,1225.0,425.0,6
ܐܣܛܦܘܠܝܐ,950.0,950.0,0.0,1
ܐܣܛܦܠܝܢ,850.0,1222.0,372.0,7
ܐܣܛܦܢ,325.0,1800.0,1475.0,247
ܐܣܛܪܐܘܣ,450.0,675.0,225.0,6
ܐܣܛܪܐܛܝܓܐ,950.0,950.0,0.0,1
ܐܣܛܪܘܒܘܠܘܣ,950.0,950.0,0.0,4
ܐܣܛܪܘܠܘܓܘܣ,950.0,950.0,0.0,1
ܐܣܛܪܘܠܘܓܝܐ,400.0,1250.0,850.0,8
ܐܣܛܪܘܢ,950.0,950.0,0.0,2
ܐܣܛܪܛ,350.0,1300.0,950.0,28
ܐܣܛܪܛܝܐ,375.0,1234.0,859.0,33
ܐܣܛܪܛܝܓܐ,450.0,1234.0,784.0,42
ܐܣܛܪܛܝܓܘܬܐ,675.0,950.0,275.0,3
ܐܣܛܪܛܝܘܛܐ,325.0,1850.0,1525.0,136
ܐܣܛܪܢܝܐ,450.0,1222.0,772.0,29
ܐܣܝܕܐ,675.0,950.0,275.0,9
ܐܣܝܢܘ,500.0,775.0,275.0,2
ܐܣܝܪܣ,125.0,125.0,0.0,4
ܐܣܟܘܠܐ,500.0,1222.0,722.0,177
ܐܣܟܝܡܐ,325.0,1994.0,1669.0,840
ܐܣܟܠܪܐ,575.0,575.0,0.0,4
ܐܣܟܡܐ,325.0,1983.0,1658.0,1970
ܐܣܦܐܪܐ,701.0,950.0,249.0,3
ܐܣܦܘܓܐ,350.0,1250.0,900.0,85
ܐܣܦܘܓܢܝܐ,1250.0,1250.0,0.0,1
ܐܣܦܘܩܐ,575.0,575.0,0.0,2
ܐܣܦܘܩܠܛܪܐ,450.0,1800.0,1350.0,36
ܐܣܦܝܢܐ,500.0,1250.0,750.0,8
ܐܣܦܝܪܐ,475.0,1850.0,1375.0,181
ܐܣܦܠܛܘܢ,950.0,950.0,0.0,1
ܐܣܦܠܝܐ,550.0,950.0,400.0,11
ܐܣܦܠܝܢܝܐ,950.0,950.0,0.0,1
ܐܣܦܢܐ,500.0,950.0,450.0,4
ܐܣܦܣ,125.0,1800.0,1675.0,133
ܐܣܦܩܠܝܣ,550.0,1234.0,684.0,3
ܐܣܦܪܐܓܘܣ,950.0,950.0,0.0,1
ܐܣܦܪܛܘܠܐ,450.0,450.0,0.0,1
ܐܣܦܪܝܕܐ,325.0,1250.0,925.0,77
ܐܣܦܬܐ,450.0,950.0,500.0,4
ܐܣܩܐܪܝܕܗܣ,850.0,850.0,0.0,1
ܐܣܩܘܣ,950.0,950.0,0.0,2
ܐܣܩܘܪܘܢ,950.0,950.0,0.0,1
ܐܣܩܘܪܝܢ,560.0,560.0,0.0,2
ܐܣܩܝܛܝܩܘܢ,950.0,950.0,0.0,1
ܐܣܩܦܐ,350.0,1994.0,1644.0,20
ܐܣܪܐ,350.0,1994.0,1644.0,368
ܐܣܬܝܪܐ,350.0,1150.0,800.0,59
ܐܦܘܕܝܟܣܝܣ,650.0,1250.0,600.0,54
ܐܦܘܕܝܩܛܝܩܐ,950.0,950.0,0.0,2
ܐܦܘܟܘܡܐ,950.0,950.0,0.0,1
ܐܦܘܠܘܢ,350.0,1250.0,900.0,40
ܐܦܘܠܡܣܝܣ,450.0,950.0,500.0,3
ܐܦܘܢܝܛܪܘܢ,950.0,950.0,0.0,1
ܐܦܘܣܛܘܠܘܣ,950.0,950.0,0.0,1
ܐܦܘܣܦܝܣܛܘܢ,518.0,518.0,0.0,1
ܐܦܘܦܠܝܛܝܩܐ,850.0,850.0,0.0,1
ܐܦܘܦܠܝܟܣܝܐ,850.0,950.0,100.0,3
ܐܦܘܦܢܛܝܩܘܣ,950.0,950.0,0.0,3
ܐܦܘܩܪܝܣܪܐ,550.0,560.0,10.0,3
ܐܦܘܪܝܣܡܘܣ,950.0,950.0,0.0,1
ܐܦܝܓܪܐܡܐ,675.0,675.0,0.0,1
ܐܦܝܛܪܘܦܐ,350.0,1250.0,900.0,29
ܐܦܝܟܕܝܡܐ,950.0,950.0,0.0,1
ܐܦܝܠܝܦܛܝܩܝܐ,850.0,850.0,0.0,1
ܐܦܝܣܩܘܦܐ,350.0,1250.0,900.0,3571
ܐܦܝܦܐ,550.0,1250.0,700.0,24
ܐܦܝܦܝܩܘܣ,950.0,950.0,0.0,1
ܐܦܝܦܢܣܛܣܣ,575.0,575.0,0.0,4
ܐܦܝܩܘܕܣ,675.0,675.0,0.0,1
ܐܦܠܛܐܘܣ,575.0,675.0,100.0,5
ܐܦܣܘܢܝܬܐ,350.0,1300.0,950.0,21
ܐܦܣܛܘܣ,125.0,125.0,0.0,2
ܐܦܣܟܝܣܛܐ,575.0,575.0,0.0,22
ܐܦܣܢܬܝܘܢ,500.0,1250.0,750.0,10
ܐܦܣܢܬܝܢ,450.0,1222.0,772.0,11
ܐܦܦܝܩܘܣ,950.0,950.0,0.0,1
ܐܦܦܢܛܝܩܘܣ,650.0,775.0,125.0,3
ܐܦܦܢܩܘܣ,950.0,950.0,0.0,1
ܐܦܦܣܝܣ,425.0,1500.0,1075.0,77
ܐܦܩܐ,500.0,850.0,350.0,4
ܐܦܩܪܣܝܣ,575.0,950.0,375.0,4
ܐܦܪܒܝܘܢ,600.0,950.0,350.0,2
ܐܦܪܘܕܝܛܐ,125.0,1300.0,1175.0,48
ܐܦܪܘܕܝܛܝ,375.0,1250.0,875.0,28
ܐܦܪܘܢ,400.0,950.0,550.0,5
ܐܦܪܘܢܝܛܪܘܢ,950.0,950.0,0.0,3
ܐܦܪܝܛܐ,588.0,588.0,0.0,2
ܐܦܪܝܢܐ,724.0,724.0,0.0,1
ܐܩܕܝܩܘܣ,525.0,550.0,25.0,3
ܐܩܛܣܛܐ,675.0,675.0,0.0,1
ܐܩܛܣܛܣܝܐ,550.0,550.0,0.0,2
ܐܩܠܝܕܝܢ,350.0,350.0,0.0,1
ܐܩܡܐ,450.0,1907.0,1457.0,75
ܐܩܦܠܘ,525.0,950.0,425.0,6
ܐܩܩܘܣ,950.0,950.0,0.0,1
ܐܩܪܐ,325.0,1950.0,1625.0,174
ܐܪܓܛܐ,1234.0,1234.0,0.0,2
ܐܪܕܝܘܢ,950.0,950.0,0.0,1
ܐܪܕܩܘܦܐ,675.0,950.0,275.0,2
ܐܪܘܣ,125.0,1234.0,1109.0,27
ܐܪܙܘܢ,500.0,1905.0,1405.0,87
ܐܪܛܘܩܘܦ,580.0,580.0,0.0,1
ܐܪܟܐ,350.0,2006.0,1656.0,106
ܐܪܟܐܪܐ,1225.0,1225.0,0.0,1
ܐܪܟܘܢܐ,350.0,1907.0,1557.0,147
ܐܪܟܝܕܝܩܘܢܝܐ,775.0,775.0,0.0,1
ܐܪܟܝܘܛܐ,450.0,450.0,0.0,12
ܐܪܟܝܛܩܛܘܢ,575.0,575.0,0.0,3
ܐܪܟܝܛܪܘܣ,500.0,950.0,450.0,17
ܐܪܡܢܘܢ,375.0,1375.0,1000.0,14
ܐܪܢ,325.0,1300.0,975.0,95
ܐܪܦܢܛܪܦܝܘܢ,575.0,575.0,0.0,2
ܐܪܦܢܛܪܦܣ,575.0,575.0,0.0,2
ܐܪܩܐ,500.0,750.0,250.0,12
ܐܪܩܠܝܛܘܣ,1250.0,1250.0,0.0,2
ܐܪܬܘܣܝܐܕܐ,500.0,500.0,0.0,3
ܐܪܬܝܡܘܣ,950.0,950.0,0.0,1
ܐܬܐܣ,325.0,1275.0,950.0,218
ܐܬܠܝܒܝܣ,675.0,675.0,0.0,1
ܐܬܬܝܣ,675.0,675.0,0.0,1
ܒܐܒܕܝܐ,1500.0,1500.0,0.0,3
ܒܐܛܘܣ,775.0,1250.0,475.0,11
ܒܐܡܐ,350.0,1950.0,1600.0,216
ܒܐܣܐ,325.0,1234.0,909.0,49
ܒܒܠܝܬܩܐ,575.0,575.0,0.0,2
ܒܕܣܛܐ,675.0,675.0,0.0,1
ܒܘܐܬܘܣ,525.0,525.0,0.0,2
ܒܘܐܬܝܐ,675.0,775.0,100.0,3
ܒܘܒܘ,675.0,950.0,275.0,3
ܒܘܠܐ,325.0,1907.0,1582.0,118
ܒܘܠܘܛܐ,500.0,1300.0,800.0,53
ܒܘܠܘܣ,675.0,950.0,275.0,3
ܒܘܢܐ,519.0,1250.0,731.0,33
ܒܘܩܠܐ,450.0,950.0,500.0,4
ܒܘܪܣܝܐ,500.0,1250.0,750.0,14
ܒܝܒܠܐ,675.0,950.0,275.0,3
ܒܝܡ,325.0,1994.0,1669.0,934
ܒܝܪܘܢܐ,450.0,1693.0,1243.0,34
ܒܠܗܦܐܪܘܟܣܘܣܛܘܢ,950.0,950.0,0.0,1
ܒܠܗܦܐܪܘܢ,950.0,950.0,0.0,1
ܒܠܡܘܢ,588.0,588.0,0.0,1
ܒܠܢܐ,775.0,775.0,0.0,2
ܒܠܫܦܪ,675.0,1300.0,625.0,20
ܒܣܛܪܢܝܢ,500.0,500.0,0.0,1
ܒܣܠܝܐ,518.0,675.0,157.0,2
ܒܩܘܝܐ,560.0,675.0,115.0,3
ܒܪܒܪܝܐ,125.0,1907.0,1782.0,571
ܒܪܓܝܐ,500.0,575.0,75.0,3
ܓܘܪܦܐ,450.0,1907.0,1457.0,23
ܓܝܒܛܘܣܢ,350.0,350.0,0.0,1
ܓܝܓܪܛܐ,950.0,950.0,0.0,1
ܓܝܠܘܣ,375.0,850.0,475.0,6
ܓܠܐܪܝܢ,675.0,950.0,275.0,3
ܓܠܘܣܩܡܐ,325.0,1525.0,1200.0,114
ܓܠܝܣܐ,500.0,850.0,350.0,9
ܓܢܘܣ,793.0,1800.0,1007.0,4
ܓܢܛܝܠܐ,675.0,675.0,0.0,3
ܓܢܣܐ,125.0,2006.0,1881.0,3033
ܓܢܣܣ,675.0,675.0,0.0,1
ܓܣܣܛܝܪ,950.0,950.0,0.0,1
ܓܪܡܛܝܘܢ,560.0,560.0,0.0,2
ܓܪܣܢܝܐ,850.0,850.0,0.0,1
ܕܐܠܘܣ,375.0,1234.0,859.0,9
ܕܐܡܘܣܝܐ,575.0,950.0,375.0,5
ܕܐܢܘܣ,950.0,950.0,0.0,1
ܕܐܦܢܗ,375.0,375.0,0.0,1
ܕܕܝܢ,325.0,1693.0,1368.0,222
ܕܘܛܪܐ,450.0,724.0,274.0,9
ܕܘܡܘܣܝܘܢ,800.0,800.0,0.0,2
ܕܘܡܣܐ,500.0,1250.0,750.0,50
ܕܘܩܛܘܢ,550.0,550.0,0.0,1
ܕܘܩܝܕܗܣ,1250.0,1250.0,0.0,1
ܕܘܪܛܐ,650.0,950.0,300.0,3
ܕܝܐܛܟܣܝܣ,950.0,950.0,0.0,1
ܕܝܐܛܣܪܘܢ,1150.0,1250.0,100.0,5
ܕܝܐܡܛܪܘܢ,650.0,1250.0,600.0,20
ܕܝܐܦܪܓܡܐ,850.0,950.0,100.0,3
ܕܝܐܬܐܣܝܣ,1250.0,1250.0,0.0,1
ܕܝܒܘܠܘܣ,950.0,950.0,0.0,1
ܕܝܒܠܘܣ,950.0,950.0,0.0,2
ܕܝܕܣܩܠܝܐ,450.0,450.0,0.0,30
ܕܝܠܘܣܝܣ,450.0,450.0,0.0,3
ܕܝܠܝܛܪܝܘܕܝܘܣ,950.0,950.0,0.0,1
ܕܝܠܝܩܛܝܩܐ,950.0,950.0,0.0,3
ܕܝܠܝܩܛܝܩܝܐ,950.0,950.0,0.0,1
ܕܝܠܩܛܝܩܝܐ,650.0,775.0,125.0,3
ܕܝܡܐܣ,950.0,950.0,0.0,1
ܕܝܡܘܣ,450.0,1234.0,784.0,23
ܕܝܡܘܣܝܐ,588.0,701.0,113.0,5
ܕܝܡܛܝܩܘܣ,575.0,575.0,0.0,2
ܕܝܡܣ,575.0,950.0,375.0,38
ܕܝܡܣܝܢ,575.0,775.0,200.0,12
ܕܝܡܪܛܘܪܝܐ,540.0,950.0,410.0,2
ܕܝܢܘܣܣ,125.0,724.0,599.0,4
ܕܝܢܪܐ,325.0,1907.0,1582.0,635
ܕܝܣܦܪܡܛܘܢ,950.0,950.0,0.0,2
ܕܝܣܩܘܪܐ,525.0,846.0,321.0,10
ܕܝܩܐܘܡܛܐ,450.0,450.0,0.0,3
ܕܝܩܛܐܡܢܘܢ,950.0,1250.0,300.0,4
ܕܝܩܠܘܣ,675.0,675.0,0.0,2
ܕܝܩܢܝܩܘܣ,525.0,525.0,0.0,2
ܕܝܬܝܩܐ,350.0,1950.0,1600.0,40
ܕܟܘܣܐ,600.0,950.0,350.0,2
ܕܡܕܡܢܐ,850.0,950.0,100.0,3
ܕܡܘܟܪܝܘܣ,525.0,525.0,0.0,2
ܕܡܘܣܝܐ,375.0,775.0,400.0,13
ܕܡܣ,125.0,1907.0,1782.0,351
ܕܡܣܛܝܩܘܢ,950.0,950.0,0.0,1
ܕܢܝܣܛܝܣ,1693.0,1693.0,0.0,1
ܕܦܢܝܕܝܢ,850.0,1300.0,450.0,12
ܕܦܢܝܣ,850.0,850.0,0.0,1
ܕܦܢܣ,450.0,950.0,500.0,4
ܕܦܪܢܐ,850.0,1250.0,400.0,10
ܕܩܠܢܝܬܐ,950.0,950.0,0.0,1
ܕܪܘܡܐ,350.0,1994.0,1644.0,508
ܕܪܘܣܐ,675.0,675.0,0.0,1
ܕܪܟܡܐ,950.0,950.0,0.0,10
ܕܪܡܐ,325.0,1950.0,1625.0,508
ܕܪܡܘܢ,560.0,850.0,290.0,5
ܕܪܡܘܣ,675.0,950.0,275.0,3
ܕܫܛܐ,375.0,1693.0,1318.0,10
ܗܐܛܪܝܘܢ,1250.0,1250.0,0.0,2
ܗܓܝܪܘܣ,950.0,1250.0,300.0,3
ܗܓܡܘܢܐ,325.0,1800.0,1475.0,651
ܗܓܡܢܘܬܐ,950.0,950.0,0.0,1
ܗܕܝܘܛܐ,325.0,1375.0,1050.0,536
ܗܘܐܢ,350.0,675.0,325.0,19
ܗܘܠܐ,350.0,1994.0,1644.0,790
ܗܘܦܘܩܢܛܘܪܘܢ,675.0,675.0,0.0,1
ܗܘܦܛܝܩܘܣ,525.0,950.0,425.0,4
ܗܘܦܪܟܝܐ,475.0,1905.0,1430.0,148
ܗܘܪܝܘܢ,500.0,500.0,0.0,5
ܗܘܪܝܦܘܣ,375.0,375.0,0.0,1
ܗܘܪܝܪܐ,500.0,500.0,0.0,1
ܗܝܠܐ,350.0,1868.0,1518.0,242
ܗܝܡܝܣܝܢ,560.0,560.0,0.0,2
ܗܝܦܘܣܝܡܐ,950.0,950.0,0.0,1
ܗܝܦܝ,950.0,950.0,0.0,3
ܗܝܦܝܣܩܘܣ,950.0,950.0,0.0,1
ܗܝܦܪܘܣ,500.0,500.0,0.0,1
ܗܟܘܕܛܐܣܬܝܩܐ,950.0,950.0,0.0,1
ܗܟܘܡܗܢܘܣ,950.0,950.0,0.0,1
ܗܟܝܕܢܐ,950.0,950.0,0.0,1
ܗܟܝܘܢ,950.0,950.0,0.0,1
ܗܟܝܢܘܣ,950.0,950.0,0.0,6
ܗܟܣܐܓܐܓܗ,950.0,950.0,0.0,1
ܗܟܣܐܓܓܗܐܝܠܘ,950.0,950.0,0.0,1
ܗܟܣܐܓܗܪܬܝܛܝ,950.0,950.0,0.0,1
ܗܟܣܐܓܘܕܗܐܝܘܣܘ,950.0,950.0,0.0,1
ܗܟܣܐܓܘܢܘܢ,950.0,950.0,0.0,1
ܗܟܣܐܠܗܐܐܝܦܝܣܘܢ,950.0,950.0,0.0,1
ܗܟܣܐܦܗܣܛܗܠܗ,950.0,950.0,0.0,1
ܗܟܣܐܦܝܢܐ,950.0,950.0,0.0,1
ܗܟܣܐܦܠܐ,800.0,800.0,0.0,8
ܗܟܣܗܒܐܠܗܢ,950.0,950.0,0.0,1
ܗܟܣܗܓܓܗܝܠܐ,950.0,950.0,0.0,1
ܗܟܣܗܛܐܙܗܐܝ,950.0,950.0,0.0,1
ܗܟܣܗܛܗܐܝܢܐܫܬܝ,950.0,950.0,0.0,1
ܗܟܣܗܛܝܟܣܐܣ,950.0,950.0,0.0,1
ܗܠܝܘܢ,775.0,950.0,175.0,6
ܗܠܝܩܘܢܗܣ,375.0,375.0,0.0,1
ܗܠܢܝܘܣ,950.0,1150.0,200.0,2
ܗܠܦܘܣ,1250.0,1250.0,0.0,1
ܗܡܘܪܐܝܕܗܣ,850.0,850.0,0.0,1
ܗܢܕܝܐܒܐܠܐܘܝܛܗܣ,950.0,950.0,0.0,1
ܗܢܘܣܛܐܟܣܐܢ,950.0,950.0,0.0,1
ܗܢܘܦܝܘܢ,950.0,950.0,0.0,1
ܗܢܛܐ,575.0,775.0,200.0,12
ܗܢܛܘܒܘܢ,950.0,950.0,0.0,1
ܗܢܛܘܠܝ,950.0,950.0,0.0,1
ܗܢܛܪܘܡܘܣ,950.0,950.0,0.0,1
ܗܢܛܪܘܩܝܠܝ,950.0,950.0,0.0,1
ܗܢܝܘܟܐ,325.0,1375.0,1050.0,93
ܗܢܟܠܝܣ,1250.0,1250.0,0.0,5
ܗܢܩܗܢܝܐ,350.0,350.0,0.0,1
ܗܣܐܦܝܣܐܢ,950.0,950.0,0.0,1
ܗܣܘܬܗܢ,950.0,950.0,0.0,1
ܗܣܛܗܪܝܣܐܣ,950.0,950.0,0.0,1
ܗܣܛܝ,950.0,950.0,0.0,2
ܗܣܛܝܐ,724.0,724.0,0.0,2
ܗܣܛܝܢ,950.0,950.0,0.0,1
ܗܣܛܝܪܝܓܡܗܢܗ,950.0,950.0,0.0,1
ܗܣܝ,675.0,950.0,275.0,5
ܗܣܝܐܕܘܣ,775.0,775.0,0.0,2
ܗܣܝܓܝܣܐ,950.0,950.0,0.0,1
ܗܣܦܐܣܐܢ,950.0,950.0,0.0,1
ܗܣܩܝܪܛܝܣܐܢ,950.0,950.0,0.0,1
ܗܦܐܓܓܗܠܝܐ,950.0,950.0,0.0,1
ܗܦܐܕܘܢ,950.0,950.0,0.0,1
ܗܦܐܢܝܣܛܐܡܗܢܝܘ,950.0,950.0,0.0,1
ܗܦܙܕܩܐ,675.0,675.0,0.0,1
ܗܦܝܠܝܦܣܝܐ,850.0,850.0,0.0,1
ܗܦܝܡܗܪܘܣ,950.0,950.0,0.0,1
ܗܦܝܦܠܘܣ,950.0,950.0,0.0,1
ܗܦܣܛܝܘܢ,500.0,500.0,0.0,7
ܗܩܛܣܛܐ,450.0,775.0,325.0,8
ܗܪܘܕܝܣ,500.0,1375.0,875.0,100
ܗܪܘܡܐ,350.0,1575.0,1225.0,243
ܗܪܝܘܢ,950.0,950.0,0.0,1
ܗܪܡܘܕܐܩܛܠܘܣ,1250.0,1250.0,0.0,2
ܗܪܣܝܣ,375.0,1693.0,1318.0,954
ܗܬܝܪ,950.0,950.0,0.0,3
ܘܡܪܝܐ,325.0,1844.0,1519.0,834
ܘܦܐ,325.0,1375.0,1050.0,176
ܘܪܛܐ,575.0,950.0,375.0,5
ܙܐܠܝ,450.0,950.0,500.0,3
ܙܒܐ,350.0,1250.0,900.0,256
ܙܘܓ,325.0,1950.0,1625.0,471
ܙܘܓܐ,350.0,1907.0,1557.0,234
ܙܘܓܡܐ,500.0,1234.0,734.0,18
ܙܛܡܐ,500.0,950.0,450.0,8
ܙܝܓܘܢ,950.0,950.0,0.0,2
ܙܝܓܘܣ,950.0,950.0,0.0,2
ܙܝܘܓܘܣ,950.0,950.0,0.0,4
ܙܡܝܡܐ,1800.0,1800.0,0.0,1
ܙܡܪܓܕܐ,450.0,1693.0,1243.0,46
ܛܐܛܪܐܦܘܠܘܢ,1234.0,1234.0,0.0,2
ܛܗܛܐܪܛܗܐܘܣ,850.0,950.0,100.0,2
ܛܗܛܝܓܗܣ,950.0,950.0,0.0,1
ܛܘܡܣܐ,475.0,1905.0,1430.0,511
ܛܘܢܘܣ,800.0,950.0,150.0,5
ܛܘܣܐ,350.0,1994.0,1644.0,29
ܛܘܦܘܐܘܣ,375.0,375.0,0.0,1
ܛܘܦܘܣ,540.0,950.0,410.0,4
ܛܘܦܣܐ,350.0,1907.0,1557.0,243
ܛܘܪܢܘܣ,450.0,1250.0,800.0,25
ܛܙܝܡܐ,950.0,950.0,0.0,1
ܛܛܪܐ,550.0,1500.0,950.0,6
ܛܛܪܐܓܘܢܘܢ,950.0,1250.0,300.0,9
ܛܛܪܐܕܪܡܘܢ,675.0,675.0,0.0,2
ܛܛܪܕܝܛܐ,588.0,588.0,0.0,1
ܛܛܪܛܐ,575.0,724.0,149.0,11
ܛܛܪܦܠܘܢ,675.0,775.0,100.0,7
ܛܛܪܪܟܐ,775.0,1234.0,459.0,43
ܛܝܓܢܐ,450.0,950.0,500.0,9
ܛܝܡܐ,350.0,1994.0,1644.0,143
ܛܝܡܘܢ,450.0,1245.0,795.0,10
ܛܝܡܘܪܝܐ,450.0,950.0,500.0,4
ܛܝܦܢܘܣ,125.0,125.0,0.0,3
ܛܟ,500.0,625.0,125.0,7
ܛܟܢܐ,600.0,1994.0,1394.0,8
ܛܟܣ,350.0,1994.0,1644.0,965
ܛܟܣܐ,350.0,1994.0,1644.0,338
ܛܟܣܝܣ,350.0,1250.0,900.0,68
ܛܠܝܣܡܐ,1234.0,1234.0,0.0,2
ܛܡܐܣܘܣ,950.0,950.0,0.0,1
ܛܣܪܣܩܕܩܛܐ,575.0,575.0,0.0,10
ܛܦܘܣܝܪܝܢ,500.0,500.0,0.0,1
ܛܦܛܐ,800.0,950.0,150.0,6
ܛܪܝܓܠܐ,950.0,950.0,0.0,1
ܛܪܝܛܐ,450.0,950.0,500.0,14
ܛܪܝܟܘܢ,950.0,950.0,0.0,2
ܛܪܦܣ,450.0,450.0,0.0,1
ܝܘܛܐ,675.0,1300.0,625.0,21
ܝܠܘܪܐ,475.0,1025.0,550.0,9
ܝܣܘ,325.0,1150.0,825.0,16
ܝܦܐ,350.0,1222.0,872.0,253
ܝܩܕܢܐ,325.0,2006.0,1681.0,558
ܝܪܩܢܐ,350.0,1375.0,1025.0,47
ܟܐܒܝܐ,701.0,701.0,0.0,2
ܟܐܡܘ,750.0,1222.0,472.0,4
ܟܐܪܝܐ,550.0,675.0,125.0,2
ܟܘܒܢ,625.0,950.0,325.0,4
ܟܘܠܗܪܐ,850.0,950.0,100.0,3
ܟܘܠܝܐ,675.0,1994.0,1319.0,2
ܟܘܢܝ,350.0,1500.0,1150.0,200
ܟܘܣ,325.0,1844.0,1519.0,163
ܟܘܣܠܬܐ,675.0,950.0,275.0,11
ܟܘܪܐ,350.0,2006.0,1656.0,553
ܟܘܪܘܣ,950.0,1025.0,75.0,3
ܟܘܪܣ,325.0,1850.0,1525.0,608
ܟܝܠܝܕܘܢܝܐ,950.0,950.0,0.0,1
ܟܝܡܘܢܐ,350.0,1994.0,1644.0,213
ܟܝܢܘܣ,775.0,950.0,175.0,5
ܟܠܘܢܢ,775.0,775.0,0.0,2
ܟܠܝ,325.0,1994.0,1669.0,782
ܟܠܝܕܘܢܝܐ,950.0,950.0,0.0,1
ܟܠܝܪܟܐ,375.0,724.0,349.0,10
ܟܠܡܝܣ,450.0,1375.0,925.0,41
ܟܠܡܣܐ,950.0,950.0,0.0,1
ܟܠܢܝܕܝܢ,525.0,950.0,425.0,6
ܟܠܩܘܣ,950.0,950.0,0.0,1
ܟܡܘܣ,950.0,950.0,0.0,1
ܟܡܠܐܐ,950.0,950.0,0.0,92
ܟܡܦܝܛܘܣ,950.0,950.0,0.0,2
ܟܢܕܝܩܘܢ,500.0,1850.0,1350.0,4
ܟܣܘܐܐ,560.0,1196.0,636.0,4
ܟܣܘܣܛܪܘܢ,600.0,950.0,350.0,6
ܟܣܢܘܦܐܢܝܣ,1250.0,1250.0,0.0,2
ܟܪܘܙܐ,325.0,1907.0,1582.0,930
ܟܪܛܝܣܐ,375.0,1525.0,1150.0,167
ܟܪܛܪܐ,775.0,775.0,0.0,1
ܟܪܝܡܛܐ,775.0,775.0,0.0,2
ܟܪܣܛܝܢܐ,125.0,1950.0,1825.0,2204
ܟܬܗܣ,950.0,950.0,0.0,1
ܠܐܒܘܢ,350.0,1693.0,1343.0,180
ܠܐܒܪܐ,500.0,1250.0,750.0,16
ܠܐܡܐܢܐ,575.0,575.0,0.0,2
ܠܗܒ,325.0,1250.0,925.0,12
ܠܘܓܘܬܝܛܐ,675.0,675.0,0.0,2
ܠܘܛܪܝܐ,950.0,950.0,0.0,1
ܠܘܟܝܬܐ,400.0,1851.0,1451.0,134
ܠܘܣܛܐ,775.0,950.0,175.0,2
ܠܘܩܝܘܢ,950.0,1250.0,300.0,5
ܠܘܩܝܬܝܩܐ,950.0,950.0,0.0,1
ܠܘܪܐ,500.0,500.0,0.0,1
ܠܘܪܒܐ,500.0,950.0,450.0,4
ܠܙܒܝܐ,525.0,525.0,0.0,5
ܠܙܦܢܐ,350.0,500.0,150.0,2
ܠܛܘܡܐ,500.0,500.0,0.0,1
ܠܛܫ,350.0,1500.0,1150.0,96
ܠܝܒܐ,350.0,1250.0,900.0,78
ܠܝܒܘܐܝ,675.0,1250.0,575.0,13
ܠܝܒܝܕܘܣ,500.0,500.0,0.0,3
ܠܝܛܪܐ,518.0,1300.0,782.0,138
ܠܝܬܐܪܓܘܣ,850.0,950.0,100.0,2
ܠܡܐܢܐ,325.0,1938.0,1613.0,749
ܠܡܦܐܕܐ,350.0,1850.0,1500.0,95
ܠܣܛܝܐ,125.0,1938.0,1813.0,276
ܠܦܪܘ,325.0,1300.0,975.0,5
ܠܩܛܝܩܝܢ,500.0,1525.0,1025.0,33
ܠܩܛܝܩܪܐ,550.0,550.0,0.0,1
ܠܩܬܣܕܝܣ,950.0,950.0,0.0,1
ܠܬܐܘܣ,675.0,675.0,0.0,1
ܡܐܠܠܘܢ,350.0,1250.0,900.0,506
ܡܐܢܝܐ,850.0,950.0,100.0,4
ܡܐܩܪܐ,950.0,950.0,0.0,1
ܡܓܗܢܐܣ,1300.0,1300.0,0.0,1
ܡܓܣܛܪܝܢܘܣ,518.0,675.0,157.0,6
ܡܕܘܛܪܢܐ,950.0,950.0,0.0,2
ܡܗܓܠܝܘܢ,950.0,1500.0,550.0,5
ܡܗܠܐܢܟܘܠܝܩܐ,850.0,850.0,0.0,2
ܡܗܬܘܕܘܣ,800.0,950.0,150.0,6
ܡܘܐܩܗܘܣ,1250.0,1250.0,0.0,3
ܡܘܓܠܐ,500.0,1850.0,1350.0,54
ܡܘܓܠܢܐ,850.0,850.0,0.0,1
ܡܘܛܘܣ,1250.0,1250.0,0.0,1
ܡܘܠܒܕܢܐ,950.0,950.0,0.0,1
ܡܘܠܝܬܐ,400.0,950.0,550.0,7
ܡܘܠܟܝܐ,500.0,630.0,130.0,2
ܡܘܣܛܝ,1250.0,1250.0,0.0,3
ܡܘܣܝܕܝܢ,950.0,950.0,0.0,1
ܡܘܣܟܘܣ,950.0,950.0,0.0,1
ܡܘܪܘܢ,375.0,1950.0,1575.0,259
ܡܘܪܝܛܝܢܐ,675.0,675.0,0.0,1
ܡܘܪܝܩܐ,680.0,1300.0,620.0,23
ܡܘܪܪܝܢܝ,1250.0,1250.0,0.0,2
ܡܙܝܐ,350.0,1375.0,1025.0,11
ܡܙܪܝܘܢ,950.0,1250.0,300.0,3
ܡܛܟܣܘܬܐ,350.0,1250.0,900.0,180
ܡܛܪܝܛܘܣ,950.0,950.0,0.0,2
ܡܝܠܐ,350.0,1375.0,1025.0,347
ܡܝܠܝܛܝܣ,950.0,950.0,0.0,1
ܡܝܣܐܘܣ,950.0,950.0,0.0,1
ܡܠܓܡܐ,450.0,1907.0,1457.0,30
ܡܠܘܣ,775.0,1800.0,1025.0,3
ܡܠܛܘܢ,950.0,950.0,0.0,2
ܡܠܢܟܘܠܝܐ,850.0,2006.0,1156.0,2
ܡܠܢܟܘܠܝܩܝܐ,850.0,850.0,0.0,1
ܡܠܦܘܢܐ,588.0,1250.0,662.0,5
ܡܡܘܢܐ,325.0,1950.0,1625.0,350
ܡܢܕܝܢ,675.0,675.0,0.0,3
ܡܢܕܪܐ,775.0,775.0,0.0,2
ܡܢܝܟܝܐ,525.0,525.0,0.0,4
ܡܩܝܣܘܬܐ,850.0,950.0,100.0,34
ܡܩܠܘܢ,675.0,950.0,275.0,6
ܡܪܓܝܘܣ,650.0,650.0,0.0,2
ܡܪܓܢܝܬܐ,325.0,1994.0,1669.0,753
ܡܪܘ,325.0,1907.0,1582.0,714
ܡܬܪܝܐ,375.0,950.0,575.0,25
ܢܐܪܩܝ,950.0,950.0,0.0,2
ܢܘܒܘܠܘ,1500.0,1500.0,0.0,1
ܢܘܘܓܐ,350.0,1300.0,950.0,40
ܢܘܛ,519.0,950.0,431.0,6
ܢܘܡܐ,450.0,1375.0,925.0,56
ܢܘܡܝܣܡܐ,950.0,950.0,0.0,2
ܢܘܣܐ,350.0,1950.0,1600.0,398
ܢܝܘܩܛܝܩܘܪܐܟܣ,950.0,950.0,0.0,1
ܢܡܘܣܐ,125.0,1994.0,1869.0,9557
ܢܦܐܫܐ,350.0,1994.0,1644.0,219
ܢܦܛܝܪܐ,450.0,1150.0,700.0,12
ܢܪܕܝܢ,350.0,1250.0,900.0,78
ܢܪܩܐ,850.0,950.0,100.0,2
ܣܐܒܢܘܛܘܣ,525.0,525.0,0.0,2
ܣܐܓܐܦܝܢܘܢ,950.0,950.0,0.0,1
ܣܐܛܘܪܝܐܣܡܘ,850.0,950.0,100.0,2
ܣܐܡܐ,325.0,1950.0,1625.0,869
ܣܐܡܘܣ,950.0,1250.0,300.0,2
ܣܐܪܕܘ,575.0,701.0,126.0,4
ܣܓܣܛܪܐ,775.0,775.0,0.0,8
ܣܓܦܝܢܘܢ,950.0,950.0,0.0,3
ܣܕܘܢܐ,325.0,1250.0,925.0,106
ܣܕܠܐ,675.0,1250.0,575.0,8
ܣܗܪܝܣ,950.0,1250.0,300.0,4
ܣܘܕܪܐ,350.0,1250.0,900.0,64
ܣܘܙܘܓܝܐ,950.0,950.0,0.0,1
ܣܘܠܐܒܝ,550.0,1250.0,700.0,5
ܣܘܡܘܛܘܢ,675.0,675.0,0.0,1
ܣܘܡܦܗܪܣܡܐ,950.0,950.0,0.0,1
ܣܘܡܦܛܘܢ,950.0,950.0,0.0,1
ܣܘܢܘܦܘܢܘܣ,525.0,525.0,0.0,2
ܣܘܢܛܟܣܝܣ,650.0,1150.0,500.0,5
ܣܘܢܦܣܝܣ,575.0,575.0,0.0,2
ܣܘܢܩܠܐ,500.0,1234.0,734.0,13
ܣܘܣܘܢ,450.0,950.0,500.0,4
ܣܘܦܩܐ,350.0,950.0,600.0,19
ܣܘܦܪܢ,500.0,775.0,275.0,6
ܣܘܩܝܪܘܣ,950.0,950.0,0.0,1
ܣܘܪ,325.0,1983.0,1658.0,176
ܣܘܪܐ,500.0,500.0,0.0,1
ܣܘܪܝ,350.0,1983.0,1633.0,24
ܣܘܪܝܓܐ,850.0,850.0,0.0,1
ܣܛܘܟܘܕܘܣ,950.0,950.0,0.0,2
ܣܛܘܟܝܐ,500.0,950.0,450.0,21
ܣܛܘܡܢܩܐܠܘܣ,950.0,950.0,0.0,1
ܣܛܘܪܐܟܘܣ,1250.0,1250.0,0.0,2
ܣܛܡܐ,450.0,450.0,0.0,1
ܣܝܠܘܒܐ,575.0,950.0,375.0,2
ܣܝܠܝܢ,675.0,950.0,275.0,9
ܣܝܠܦܝܘܢ,950.0,950.0,0.0,1
ܣܝܡܝܘܢ,430.0,1025.0,595.0,27
ܣܝܣܡܒܪܝܘܢ,1250.0,1250.0,0.0,4
ܣܝܦܘܢܐ,950.0,950.0,0.0,2
ܣܝܩܘܪܐ,450.0,675.0,225.0,2
ܣܝܪܐ,350.0,1994.0,1644.0,163
ܣܟܘܠܣܛܝܩܐ,500.0,950.0,450.0,32
ܣܟܘܠܣܛܝܩܘܬܐ,525.0,580.0,55.0,3
ܣܟܝܢܘܢ,950.0,950.0,0.0,5
ܣܟܠܪܐ,575.0,575.0,0.0,2
ܣܟܪܣ,950.0,950.0,0.0,1
ܣܡܓܪܦܘܣ,525.0,525.0,0.0,2
ܣܡܝܕܐ,350.0,1250.0,900.0,76
ܣܣܐ,325.0,1850.0,1525.0,163
ܣܣܝܡܐ,375.0,375.0,0.0,2
ܣܦܘܕܝ,675.0,950.0,275.0,5
ܣܦܘܩܠܛܪܐ,430.0,1150.0,720.0,9
ܣܦܝܢܬܘܢܝܬܐ,675.0,675.0,0.0,1
ܣܦܝܪܐ,350.0,1994.0,1644.0,64
ܣܦܩܠܝܣ,950.0,950.0,0.0,1
ܣܩܘܣܝܣ,950.0,950.0,0.0,1
ܣܩܘܪܕܝܘܢ,950.0,950.0,0.0,4
ܣܩܘܪܝܢ,525.0,1225.0,700.0,7
ܣܪܕܘܣ,675.0,950.0,275.0,2
ܥܕܝܐ,325.0,1025.0,700.0,34
ܥܘܝܦܐ,375.0,1250.0,875.0,8
ܥܠܘܝ,375.0,1300.0,925.0,89
ܥܡܘܪܝܐ,400.0,1994.0,1594.0,195
ܥܦܐ,550.0,950.0,400.0,15
ܥܪܢܣܐ,675.0,675.0,0.0,1
ܦܐܘܠܘ,350.0,1250.0,900.0,300
ܦܐܠܐܢܓܝܐ,950.0,950.0,0.0,1
ܦܐܢܐ,350.0,850.0,500.0,12
ܦܐܩܘܣ,950.0,950.0,0.0,2
ܦܐܪܝܐ,350.0,1150.0,800.0,14
ܦܓܢܐ,450.0,950.0,500.0,8
ܦܕܛܘܪܐ,575.0,575.0,0.0,2
ܦܗܠܘܪܝܢ,950.0,950.0,0.0,1
ܦܘܒܘܣ,580.0,950.0,370.0,3
ܦܘܓܪܦܐ,2006.0,2006.0,0.0,1
ܦܘܕܐܓܪܝܩܝܐ,850.0,850.0,0.0,1
ܦܘܕܝܬܐ,500.0,1500.0,1000.0,29
ܦܘܘܩܐ,450.0,1245.0,795.0,12
ܦܘܛܐ,519.0,1025.0,506.0,13
ܦܘܠܐ,400.0,1905.0,1505.0,821
ܦܘܠܘܛܝܢ,500.0,1250.0,750.0,16
ܦܘܠܘܦܘܕܘܣ,950.0,950.0,0.0,3
ܦܘܠܠܝܛܝܣ,950.0,950.0,0.0,1
ܦܘܡܦܠܟܘܣ,950.0,950.0,0.0,1
ܦܘܢܐ,400.0,1250.0,850.0,12
ܦܘܢܘܣ,560.0,950.0,390.0,8
ܦܘܢܝܩܐ,500.0,1234.0,734.0,62
ܦܘܣܝܩܝܐ,600.0,950.0,350.0,2
ܦܘܣܩܐ,450.0,1250.0,800.0,33
ܦܘܦܢܐ,525.0,525.0,0.0,1
ܦܘܩܐ,450.0,1901.0,1451.0,144
ܦܘܩܕܐ,325.0,1994.0,1669.0,134
ܦܘܩܘܣ,650.0,950.0,300.0,5
ܦܘܩܛܐ,375.0,950.0,575.0,3
ܦܘܩܛܝܩܘ,950.0,950.0,0.0,1
ܦܘܩܝܠܐ,575.0,850.0,275.0,5
ܦܘܩܦܠܘܣ,650.0,650.0,0.0,1
ܦܘܩܬܐ,450.0,950.0,500.0,15
ܦܘܪܘܣ,450.0,1025.0,575.0,15
ܦܘܪܛܐ,665.0,675.0,10.0,2
ܦܘܪܝܛܝܣ,950.0,950.0,0.0,3
ܦܘܪܢܐ,450.0,950.0,500.0,48
ܦܘܬܩܐ,450.0,1994.0,1544.0,94
ܦܘܬܩܝܐ,500.0,1150.0,650.0,17
ܦܛܠܐ,950.0,950.0,0.0,1
ܦܝܠܐ,350.0,1300.0,950.0,40
ܦܝܠܘܦܘܢܘܣ,550.0,800.0,250.0,5
ܦܝܠܛܝܡܝܐ,575.0,575.0,0.0,2
ܦܝܠܣܘܦܐ,125.0,1994.0,1869.0,255
ܦܝܠܣܦܘܬܐ,350.0,850.0,500.0,123
ܦܝܢܘ,375.0,1375.0,1000.0,11
ܦܝܢܟܐ,325.0,1375.0,1050.0,88
ܦܝܣ,325.0,1938.0,1613.0,3193
ܦܝܣܐ,325.0,1994.0,1669.0,910
ܦܝܣܝܢ,500.0,800.0,300.0,16
ܦܝܩܪܐ,950.0,950.0,0.0,2
ܦܝܪܡܐ,325.0,1850.0,1525.0,387
ܦܝܬܐܘܣ,650.0,650.0,0.0,8
ܦܟܣܘܡܐ,560.0,560.0,0.0,2
ܦܟܣܘܡܛܝܐ,575.0,575.0,0.0,2
ܦܠܐܩܣ,701.0,1234.0,533.0,4
ܦܠܒܘܣ,950.0,950.0,0.0,2
ܦܠܓܐ,325.0,1907.0,1582.0,553
ܦܠܗܓܡܘܢܝ,850.0,850.0,0.0,3
ܦܠܘܐܪܝܐܣ,701.0,701.0,0.0,2
ܦܠܛܡܐܟܘܣ,675.0,675.0,0.0,3
ܦܠܛܢܝܣ,650.0,650.0,0.0,1
ܦܠܣܘܢ,575.0,950.0,375.0,4
ܦܠܣܘܪܐ,950.0,950.0,0.0,4
ܦܠܣܛܐ,575.0,575.0,0.0,2
ܦܠܣܪ,325.0,575.0,250.0,7
ܦܠܩܐ,350.0,950.0,600.0,5
ܦܠܩܝܐ,560.0,775.0,215.0,8
ܦܢܛܐ,575.0,1150.0,575.0,24
ܦܢܛܩܘܣܛܐ,400.0,1375.0,975.0,150
ܦܢܩܝܬܐ,350.0,2006.0,1656.0,201
ܦܣܘܟܦܘܠܘܢ,525.0,525.0,0.0,1
ܦܣܛܝܠܐ,950.0,950.0,0.0,1
ܦܣܛܝܡܐ,950.0,950.0,0.0,2
ܦܣܝܟܝܐ,500.0,500.0,0.0,1
ܦܣܝܢܘܣ,665.0,1025.0,360.0,3
ܦܣܝܣ,825.0,1800.0,975.0,18
ܦܣܠܘ,675.0,675.0,0.0,1
ܦܣܡܘܣ,1025.0,1025.0,0.0,2
ܦܣܢܣ,450.0,1850.0,1400.0,3
ܦܣܩܝܬܐ,400.0,950.0,550.0,20
ܦܦܝܐ,500.0,1957.0,1457.0,16
ܦܪܓܠܐ,350.0,1250.0,900.0,105
ܦܪܕܐ,350.0,1950.0,1600.0,91
ܦܪܕܝܣܩܐ,500.0,1234.0,734.0,10
ܦܪܗܢܝܛܝܣ,850.0,950.0,100.0,2
ܦܪܗܢܝܛܝܩܘ,850.0,850.0,0.0,1
ܦܪܗܣܝܐ,325.0,1950.0,1625.0,561
ܦܪܘܐܣܛܝܘܢ,500.0,500.0,0.0,2
ܦܪܘܒܐܛܝܩܝ,950.0,950.0,0.0,2
ܦܪܘܕܝܛܝ,675.0,1994.0,1319.0,5
ܦܪܘܟܝܪܘܣ,1025.0,1025.0,0.0,10
ܦܪܘܡܝܘܢ,450.0,1693.0,1243.0,15
ܦܪܘܡܝܩܪܐ,525.0,525.0,0.0,2
ܦܪܘܣ,125.0,2006.0,1881.0,2312
ܦܪܘܣܕܘܬܐ,775.0,775.0,0.0,2
ܦܪܘܣܛܣܝܐ,500.0,950.0,450.0,5
ܦܪܘܣܦܘܢܣܐ,525.0,525.0,0.0,2
ܦܪܘܣܦܘܢܣܝܣ,525.0,550.0,25.0,8
ܦܪܘܣܦܘܪܝܩܐ,700.0,700.0,0.0,4
ܦܪܘܩܣܐ,675.0,675.0,0.0,1
ܦܪܘܬܐܘܪܝܐ,950.0,950.0,0.0,1
ܦܪܛܘܪܝܢ,400.0,950.0,550.0,40
ܦܪܝܐܩܛܝܩܐ,775.0,775.0,0.0,1
ܦܪܝܡܒܘܠܐ,575.0,575.0,0.0,2
ܦܪܝܡܝܩܪܐ,518.0,518.0,0.0,1
ܦܪܝܣܛܝܪ,950.0,1250.0,300.0,7
ܦܪܟܣܝܡܝܣܛܝܩܘ,950.0,950.0,0.0,1
ܦܪܡܘܢܪܐ,450.0,1222.0,772.0,28
ܦܪܡܢܝܕܝܣ,1250.0,1250.0,0.0,3
ܦܪܢܣ,125.0,1693.0,1568.0,653
ܦܪܣܛܓܡܐ,500.0,950.0,450.0,17
ܦܪܣܝܘܢ,350.0,1250.0,900.0,6
ܦܪܣܝܢܐ,775.0,950.0,175.0,11
ܦܪܣܦܘܢܝܣܝܣ,575.0,575.0,0.0,6
ܦܪܦܐ,500.0,950.0,450.0,7
ܦܪܦܘܣܝܛܐ,675.0,675.0,0.0,4
ܦܪܨܘܦܐ,350.0,2007.0,1657.0,3839
ܦܪܩܘܢ,350.0,775.0,425.0,7
ܦܪܩܛܐ,785.0,950.0,165.0,5
ܦܪܩܛܝܩܘܣ,575.0,575.0,0.0,2
ܦܪܩܠܝܛܐ,350.0,1950.0,1600.0,347
ܦܪܬܢܝܘܣ,550.0,550.0,0.0,1
ܦܬܝܣܝܣ,850.0,1500.0,650.0,14
ܨܘܕܪܐ,375.0,950.0,575.0,18
ܩܐܘܣܘܣ,850.0,1250.0,400.0,4
ܩܐܛܐ,450.0,950.0,500.0,11
ܩܐܛܐܩܐܢܝܢ,701.0,701.0,0.0,2
ܩܐܪܒܘܣ,1250.0,1250.0,0.0,1
ܩܐܪܘܡܛܝܛܝܢ,525.0,525.0,0.0,2
ܩܐܪܣܐ,325.0,1994.0,1669.0,230
ܩܐܬܘܠܝܩܐ,500.0,1250.0,750.0,79
ܩܒܘܬܐ,325.0,1950.0,1625.0,631
ܩܗܪܐܢܘܣ,950.0,1250.0,300.0,2
ܩܘܐܬܘܣ,950.0,950.0,0.0,3
ܩܘܒܒܐ,850.0,950.0,100.0,3
ܩܘܒܝܢܐ,850.0,950.0,100.0,10
ܩܘܒܪܢܝܛܐ,350.0,1851.0,1501.0,55
ܩܘܛܘܠܐ,950.0,950.0,0.0,1
ܩܘܠܐ,450.0,1850.0,1400.0,107
ܩܘܠܘܢܐ,775.0,850.0,75.0,3
ܩܘܠܘܢܝܐ,793.0,1250.0,457.0,7
ܩܘܡܘܙ,950.0,1250.0,300.0,4
ܩܘܡܛܝܢ,518.0,775.0,257.0,5
ܩܘܡܠܪܟܝܐ,539.0,539.0,0.0,1
ܩܘܢܓܐ,450.0,950.0,500.0,10
ܩܘܢܕ,375.0,1500.0,1125.0,167
ܩܘܢܕܝܢܘܣ,375.0,1500.0,1125.0,132
ܩܘܢܕܪܘܓ,950.0,1500.0,550.0,2
ܩܘܢܘܡܘܢ,550.0,550.0,0.0,1
ܩܘܢܘܣ,700.0,1250.0,550.0,13
ܩܘܢܝܐ,560.0,1234.0,674.0,12
ܩܘܢܝܘܢ,375.0,950.0,575.0,15
ܩܘܢܝܢ,500.0,950.0,450.0,5
ܩܘܦܝܘܢ,950.0,950.0,0.0,2
ܩܘܦܝܢܐ,350.0,1375.0,1025.0,41
ܩܘܦܢܕܝܪܐ,350.0,350.0,0.0,2
ܩܘܦܪܐ,675.0,1222.0,547.0,4
ܩܘܦܪܝܢܘܢ,950.0,950.0,0.0,1
ܩܘܩܘܣ,775.0,1234.0,459.0,4
ܩܘܩܢܘܣ,125.0,1250.0,1125.0,18
ܩܘܪܝܐ,325.0,2006.0,1681.0,736
ܩܘܪܝܩܐ,519.0,1234.0,715.0,27
ܩܘܪܝܩܣܘ,500.0,500.0,0.0,1
ܩܘܪܩܣܘܪ,500.0,500.0,0.0,12
ܩܛܐܡܢܘܢ,675.0,675.0,0.0,1
ܩܛܓܪܢܐ,400.0,1300.0,900.0,45
ܩܛܓܪܢܘܬܐ,350.0,1693.0,1343.0,55
ܩܛܓܪܦܐ,450.0,950.0,500.0,10
ܩܛܕܝܩܐ,675.0,1300.0,625.0,10
ܩܛܝܟܣܝܣ,575.0,575.0,0.0,3
ܩܛܣܛܣܝܣ,450.0,1250.0,800.0,51
ܩܛܪܓ,350.0,1500.0,1150.0,633
ܩܛܪܕܡܘܢ,550.0,550.0,0.0,1
ܩܛܪܝܢ,350.0,1375.0,1025.0,36
ܩܝܘܢܘܢ,540.0,540.0,0.0,3
ܩܝܛܘܢܐ,350.0,1375.0,1025.0,18
ܩܝܣ,350.0,1800.0,1450.0,214
ܩܝܣܘܪܐ,950.0,1250.0,300.0,5
ܩܝܪ,325.0,1907.0,1582.0,53
ܩܝܪܐ,450.0,1250.0,800.0,33
ܩܝܪܣܘܣ,850.0,950.0,100.0,2
ܩܝܬܪܐ,125.0,1994.0,1869.0,213
ܩܝܬܪܘܕܐ,375.0,1250.0,875.0,24
ܩܠܘܒܝܐ,475.0,1250.0,775.0,24
ܩܠܘܕܝܢܘܣ,525.0,950.0,425.0,15
ܩܠܝܕܐ,325.0,1994.0,1669.0,329
ܩܠܝܡܝܐ,675.0,675.0,0.0,1
ܩܠܡܝܪܐ,675.0,675.0,0.0,2
ܩܠܣ,350.0,1994.0,1644.0,489
ܩܠܦܢܕܪ,850.0,1375.0,525.0,7
ܩܠܩܕܝܣ,950.0,1250.0,300.0,4
ܩܠܩܢܬܝܣ,1250.0,1250.0,0.0,2
ܩܠܪܝܢ,675.0,675.0,0.0,1
ܩܡܝܢܐ,575.0,1693.0,1118.0,11
ܩܡܦܛܘܣ,950.0,1150.0,200.0,6
ܩܢܕܝܢܘܣ,350.0,575.0,225.0,18
ܩܢܛܝܡܐ,950.0,1850.0,900.0,6
ܩܢܛܪܘܢ,650.0,1250.0,600.0,23
ܩܢܛܪܘܢܐ,325.0,1800.0,1475.0,115
ܩܢܛܪܘܦܘܣ,950.0,950.0,0.0,1
ܩܣܘܣ,675.0,775.0,100.0,36
ܩܣܛܐ,350.0,1250.0,900.0,87
ܩܣܛܪܘܡܐ,450.0,1234.0,784.0,65
ܩܣܝܢ,724.0,1234.0,510.0,4
ܩܣܪ,125.0,1250.0,1125.0,472
ܩܣܪܐ,375.0,1800.0,1425.0,25
ܩܣܪܝܘܢ,500.0,500.0,0.0,2
ܩܦܠ,325.0,1994.0,1669.0,94
ܩܦܠܐܘܢ,350.0,1693.0,1343.0,3234
ܩܦܠܝܘܢ,518.0,950.0,432.0,2
ܩܦܠܦܠܐ,350.0,950.0,600.0,3
ܩܦܣܩܝܢ,950.0,950.0,0.0,1
ܩܩܒܐ,675.0,950.0,275.0,10
ܩܩܘܐܝܬܝܣ,518.0,518.0,0.0,1
ܩܪܐܒܘܣ,1250.0,1250.0,0.0,2
ܩܪܘܣܛܠܘܣ,350.0,1250.0,900.0,32
ܩܪܛܐ,400.0,1693.0,1293.0,52
ܩܪܛܕܘܢ,575.0,575.0,0.0,2
ܩܪܝܛܝܩܘܣ,950.0,950.0,0.0,2
ܩܪܟܕܢܐ,350.0,1375.0,1025.0,26
ܩܪܣܐ,325.0,1075.0,750.0,37
ܩܪܦܝܕܐ,675.0,675.0,0.0,3
ܩܪܦܠܝܘܣ,580.0,580.0,0.0,1
ܩܪܩܘܪܐ,500.0,1375.0,875.0,81
ܩܬܪܣܝܣ,475.0,1693.0,1218.0,276
ܪܐܐ,125.0,1234.0,1109.0,158
ܪܓܐܘܣܐ,575.0,575.0,0.0,2
ܪܕܝܐ,325.0,2006.0,1681.0,827
ܪܗܒܘܢܐ,325.0,1950.0,1625.0,337
ܪܗܘܡܐ,375.0,1957.0,1582.0,1098
ܪܗܘܡܝܘܬܐ,500.0,850.0,350.0,5
ܪܗܛܢܐ,575.0,950.0,375.0,22
ܪܗܛܪܐ,375.0,1300.0,925.0,74
ܪܘܒܠܐ,850.0,950.0,100.0,11
ܪܘܕܝܢܘܢ,950.0,950.0,0.0,3
ܪܘܡܢܐ,350.0,1375.0,1025.0,166
ܪܘܣܘܣ,575.0,950.0,375.0,3
ܪܘܥܬܐ,350.0,1250.0,900.0,49
ܪܘܥܬܢܐ,850.0,950.0,100.0,3
ܪܚܝܐ,325.0,1800.0,1475.0,207
ܪܟܫܐ,350.0,1850.0,1500.0,684
ܪܡܟܐ,350.0,1375.0,1025.0,84
ܪܥܘܠܦܩܝܠܐ,575.0,575.0,0.0,16
ܫܐܝܠܘܬܐ,950.0,1500.0,550.0,2
ܫܒܪܝܐ,375.0,1375.0,1000.0,26
ܫܗܝܐ,350.0,1693.0,1343.0,70
ܫܗܝܬ,350.0,675.0,325.0,7
ܫܘܚܢܢܝܐ,850.0,850.0,0.0,1
ܫܘܫ,325.0,1800.0,1475.0,131
ܫܝܪ,350.0,1994.0,1644.0,93
ܫܠܘܚܝܐ,675.0,1907.0,1232.0,2
ܫܢܩ,350.0,1994.0,1644.0,220
ܬܐܛܪܘܢ,350.0,1300.0,950.0,160
ܬܐܡܢܘܣ,950.0,1250.0,300.0,39
ܬܓܐ,325.0,1994.0,1669.0,599
ܬܘܢܢܘܣ,1250.0,1250.0,0.0,3
ܬܘܪܝܩܐ,775.0,1150.0,375.0,5
ܬܘܪܡܣܐ,375.0,1250.0,875.0,6
ܬܘܬܐ,350.0,1994.0,1644.0,415
ܬܝܘܣ,500.0,675.0,175.0,3
ܬܡܝܗܘܬܐ,350.0,950.0,600.0,32
ܬܡܣܝܣ,1800.0,1800.0,0.0,2
ܬܢܘܒܘܬܐ,750.0,950.0,200.0,6
ܬܪܐ,350.0,1907.0,1557.0,152
ܬܪܘܢܘܣ,350.0,1850.0,1500.0,370
ܬܪܝܐ,350.0,1868.0,1518.0,46
ܬܪܝܩܐ,675.0,775.0,100.0,5
